video_id,start_time,end_time,setting,bg-noise,water_temperature,liquid,container_id,flow_rate_appx,comment,clean,time_annotation_mode,shape,material,visibility,example_video_id,measurements,hyperparameters,physical_parameters,item_id,file_name
VID_20240116_230040,2.057,16.71059,ws-kitchen,no,normal,water_normal,container_1,constant,,yes,manual,cylindrical,plastic,transparent,VID_20240116_230040,"{'diameter_bottom': 5.7, 'diameter_top': 6.3, 'net_height': 19.7, 'thickness': 0.32}",{'beta': 0.0},,VID_20240116_230040_2.1_16.7,videos/VID_20240116_230040_2.1_16.7.mp4
VID_20240118_192657,4.715,11.39809,vgg-coffee,yes,normal,water_normal,container_5,constant,,yes,manual,semiconical,glass,transparent,VID_20240118_192657,"{'diameter_top': 8, 'diameter_bottom': 5, 'net_height': 9}",,,VID_20240118_192657_4.7_11.4,videos/VID_20240118_192657_4.7_11.4.mp4
VID_20240118_221233,1.359,24.27309,ws-kitchen,no,normal,water_normal,container_10,constant,,no,manual,cylindrical,glass,transparent,VID_20240118_221233,"{'diameter_top': 16, 'diameter_bottom': 14, 'net_height': 7.5}",,,VID_20240118_221233_1.4_24.3,videos/VID_20240118_221233_1.4_24.3.mp4
VID_20240116_230132,3.278,18.81476,ws-kitchen,no,normal,water_normal,container_1,constant,,yes,manual,cylindrical,plastic,transparent,VID_20240116_230040,"{'diameter_bottom': 5.7, 'diameter_top': 6.3, 'net_height': 19.7, 'thickness': 0.32}",{'beta': 0.0},,VID_20240116_230132_3.3_18.8,videos/VID_20240116_230132_3.3_18.8.mp4
VID_20240118_192827,2.148,12.35642,vgg-coffee,yes,normal,water_normal,container_7,constant,,yes,manual,cylindrical,glass,transparent,VID_20240118_192827,"{'diameter_top': 6.5, 'diameter_bottom': 5, 'net_height': 9.5}",,,VID_20240118_192827_2.1_12.4,videos/VID_20240118_192827_2.1_12.4.mp4
VID_20240118_192534,2.12726,9.56476,vgg-coffee,yes,normal,water_normal,container_4,constant,,yes,manual,semiconical,glass,transparent,VID_20240118_192534,"{'diameter_top': 8, 'diameter_bottom': 5.5, 'net_height': 6}",,,VID_20240118_192534_2.1_9.6,videos/VID_20240118_192534_2.1_9.6.mp4
VID_20240122_000736,2.209,9.23142,ws-kitchen,no,normal,water_normal,container_1,constant,,yes,manual,cylindrical,plastic,transparent,VID_20240116_230040,"{'diameter_bottom': 5.7, 'diameter_top': 6.3, 'net_height': 19.7, 'thickness': 0.32}",{'beta': 0.0},,VID_20240122_000736_2.2_9.2,videos/VID_20240122_000736_2.2_9.2.mp4
VID_20240122_000912,1.664,5.41892,ws-kitchen,no,normal,water_normal,container_1,constant,,yes,manual,cylindrical,plastic,transparent,VID_20240116_230040,"{'diameter_bottom': 5.7, 'diameter_top': 6.3, 'net_height': 19.7, 'thickness': 0.32}",{'beta': 0.0},,VID_20240122_000912_1.7_5.4,videos/VID_20240122_000912_1.7_5.4.mp4
VID_20240122_000938,2.29,22.37726,ws-kitchen,no,normal,water_normal,container_1,non-constant,,yes,manual,cylindrical,plastic,transparent,VID_20240116_230040,"{'diameter_bottom': 5.7, 'diameter_top': 6.3, 'net_height': 19.7, 'thickness': 0.32}",{'beta': 0.0},,VID_20240122_000938_2.3_22.4,videos/VID_20240122_000938_2.3_22.4.mp4
VID_20240122_001023,2.191,5.64809,ws-kitchen,no,normal,water_normal,container_1,constant,,yes,manual,cylindrical,plastic,transparent,VID_20240116_230040,"{'diameter_bottom': 5.7, 'diameter_top': 6.3, 'net_height': 19.7, 'thickness': 0.32}",{'beta': 0.0},,VID_20240122_001023_2.2_5.6,videos/VID_20240122_001023_2.2_5.6.mp4
VID_20240122_001042,3.023,14.50226,ws-kitchen,no,normal,water_normal,container_1,constant,,yes,manual,cylindrical,plastic,transparent,VID_20240116_230040,"{'diameter_bottom': 5.7, 'diameter_top': 6.3, 'net_height': 19.7, 'thickness': 0.32}",{'beta': 0.0},,VID_20240122_001042_3.0_14.5,videos/VID_20240122_001042_3.0_14.5.mp4
VID_20240131_200157,9.891,25.35642,ws-room,no,normal,water_normal,container_16,constant,,no,manual,semiconical,glass,transparent,VID_20240131_200157,"{'diameter_top': 8.0, 'diameter_bottom': 5.5, 'net_height': 8.0}",,,VID_20240131_200157_9.9_25.4,videos/VID_20240131_200157_9.9_25.4.mp4
VID_20240131_200305,6.637,28.56589,ws-room,no,normal,water_normal,container_17,constant,,yes,manual,cylindrical,glass,transparent,VID_20240131_200305,"{'diameter_top': 7.0, 'diameter_bottom': 7.0, 'net_height': 8.0, 'thickness': 0.18}",{'beta': 0.62},,VID_20240131_200305_6.6_28.6,videos/VID_20240131_200305_6.6_28.6.mp4
VID_20240131_201458,3.659,24.39809,ws-room,no,normal,water_normal,container_18,constant,different source container,yes,manual,cylindrical,glass,transparent,VID_20240131_200405,"{'diameter_top': 6.4, 'diameter_bottom': 5.4, 'net_height': 12.0, 'thickness': 0.14}",{'beta': 0.08},,VID_20240131_201458_3.7_24.4,videos/VID_20240131_201458_3.7_24.4.mp4
VID_20240131_201606,3.247,13.43976,ws-room,no,normal,water_normal,container_1,constant,different source container,maybe,manual,cylindrical,plastic,transparent,VID_20240116_230040,"{'diameter_bottom': 5.7, 'diameter_top': 6.3, 'net_height': 19.7, 'thickness': 0.32}",{'beta': 0.0},,VID_20240131_201606_3.2_13.4,videos/VID_20240131_201606_3.2_13.4.mp4
VID_20240211_192734,4.329,17.50226,vgg-mrcr,no,normal,water_normal,container_6,constant,,yes,manual,cylindrical,glass,transparent,VID_20240118_192737,"{'diameter_top': 7.0, 'diameter_bottom': 7.0, 'net_height': 7.0, 'thickness': 0.24}",{'beta': 0.08},,VID_20240211_192734_4.3_17.5,videos/VID_20240211_192734_4.3_17.5.mp4
VID_20240211_192808,2.679,10.73142,vgg-mrcr,no,normal,water_normal,container_6,constant,,yes,manual,cylindrical,glass,transparent,VID_20240118_192737,"{'diameter_top': 7.0, 'diameter_bottom': 7.0, 'net_height': 7.0, 'thickness': 0.24}",{'beta': 0.08},,VID_20240211_192808_2.7_10.7,videos/VID_20240211_192808_2.7_10.7.mp4
VID_20240211_192925,2.342,19.27309,vgg-mrcr,no,normal,water_normal,container_23,constant,large mug with a handle,yes,manual,cylindrical,glass,transparent,VID_20240211_192841,"{'diameter_top': 9.0, 'diameter_bottom': 9.0, 'net_height': 13.0, 'thickness': 0.35}",{'beta': 0.01},,VID_20240211_192925_2.3_19.3,videos/VID_20240211_192925_2.3_19.3.mp4
VID_20240211_193002,2.688,24.50226,vgg-mrcr,no,normal,water_normal,container_23,constant,large mug with a handle,yes,manual,cylindrical,glass,transparent,VID_20240211_192841,"{'diameter_top': 9.0, 'diameter_bottom': 9.0, 'net_height': 13.0, 'thickness': 0.35}",{'beta': 0.01},,VID_20240211_193002_2.7_24.5,videos/VID_20240211_193002_2.7_24.5.mp4
VID_20240211_193244,2.592,11.87726,vgg-mrcr,no,normal,water_normal,container_7,constant,,yes,manual,cylindrical,glass,transparent,VID_20240118_192827,"{'diameter_top': 6.5, 'diameter_bottom': 5, 'net_height': 9.5}",,,VID_20240211_193244_2.6_11.9,videos/VID_20240211_193244_2.6_11.9.mp4
VID_20240211_193309,2.835,11.27309,vgg-mrcr,no,normal,water_normal,container_7,constant,,yes,manual,cylindrical,glass,transparent,VID_20240118_192827,"{'diameter_top': 6.5, 'diameter_bottom': 5, 'net_height': 9.5}",,,VID_20240211_193309_2.8_11.3,videos/VID_20240211_193309_2.8_11.3.mp4
VID_20240211_193333,3.355,16.79392,vgg-mrcr,no,normal,water_normal,container_7,constant,,yes,manual,cylindrical,glass,transparent,VID_20240118_192827,"{'diameter_top': 6.5, 'diameter_bottom': 5, 'net_height': 9.5}",,,VID_20240211_193333_3.4_16.8,videos/VID_20240211_193333_3.4_16.8.mp4
VID_20240211_193410,3.071,11.91892,vgg-mrcr,no,normal,water_normal,container_25,constant,,yes,manual,semiconical,glass,transparent,VID_20240211_193410,"{'diameter_top': 8.0, 'diameter_bottom': 5.0, 'net_height': 9.0}",,,VID_20240211_193410_3.1_11.9,videos/VID_20240211_193410_3.1_11.9.mp4
VID_20240211_193454,2.93,11.04392,vgg-mrcr,no,normal,water_normal,container_25,constant,,yes,manual,semiconical,glass,transparent,VID_20240211_193410,"{'diameter_top': 8.0, 'diameter_bottom': 5.0, 'net_height': 9.0}",,,VID_20240211_193454_2.9_11.0,videos/VID_20240211_193454_2.9_11.0.mp4
VID_20240211_193519,3.286,12.48142,vgg-mrcr,no,normal,water_normal,container_25,constant,,yes,manual,semiconical,glass,transparent,VID_20240211_193410,"{'diameter_top': 8.0, 'diameter_bottom': 5.0, 'net_height': 9.0}",,,VID_20240211_193519_3.3_12.5,videos/VID_20240211_193519_3.3_12.5.mp4
VID_20240211_204048,2.18,11.66892,ws-kitchen,no,normal,water_normal,container_29,constant,small chutney container,no,manual,cylindrical,plastic,transparent,VID_20240211_204048,"{'diameter_top': 9.6, 'diameter_bottom': 8.0, 'net_height': 4.5}",,,VID_20240211_204048_2.2_11.7,videos/VID_20240211_204048_2.2_11.7.mp4
VID_20240211_204153,2.763,10.50226,ws-kitchen,no,normal,water_normal,container_30,constant,,yes,manual,semiconical,plastic_pet,transparent,VID_20240211_204153,"{'diameter_top': 7.5, 'diameter_bottom': 5.0, 'net_height': 8.0}",,,VID_20240211_204153_2.8_10.5,videos/VID_20240211_204153_2.8_10.5.mp4
VID_20240211_204218,2.826,11.46059,ws-kitchen,no,normal,water_normal,container_30,constant,,yes,manual,semiconical,plastic_pet,transparent,VID_20240211_204153,"{'diameter_top': 7.5, 'diameter_bottom': 5.0, 'net_height': 8.0}",,,VID_20240211_204218_2.8_11.5,videos/VID_20240211_204218_2.8_11.5.mp4
VID_20240211_204242,2.321,11.77309,ws-kitchen,no,normal,water_normal,container_30,constant,,yes,manual,semiconical,plastic_pet,transparent,VID_20240211_204153,"{'diameter_top': 7.5, 'diameter_bottom': 5.0, 'net_height': 8.0}",,,VID_20240211_204242_2.3_11.8,videos/VID_20240211_204242_2.3_11.8.mp4
VID_20240211_204307,1.916,15.89809,ws-kitchen,no,normal,water_normal,container_31,constant,,yes,manual,semiconical,plastic_pet,transparent,VID_20240211_204307,"{'diameter_top': 9.5, 'diameter_bottom': 6.0, 'net_height': 11.5}",,,VID_20240211_204307_1.9_15.9,videos/VID_20240211_204307_1.9_15.9.mp4
VID_20240211_204339,3.263,16.96059,ws-kitchen,no,normal,water_normal,container_31,constant,,yes,manual,semiconical,plastic_pet,transparent,VID_20240211_204307,"{'diameter_top': 9.5, 'diameter_bottom': 6.0, 'net_height': 11.5}",,,VID_20240211_204339_3.3_17.0,videos/VID_20240211_204339_3.3_17.0.mp4
VID_20240211_204413,3.654,26.28464,ws-kitchen,no,normal,water_normal,container_31,constant,,yes,manual,semiconical,plastic_pet,transparent,VID_20240211_204307,"{'diameter_top': 9.5, 'diameter_bottom': 6.0, 'net_height': 11.5}",,,VID_20240211_204413_3.7_26.3,videos/VID_20240211_204413_3.7_26.3.mp4
VID_20240211_204459,2.407,10.16892,ws-kitchen,no,normal,water_normal,container_18,constant,,yes,manual,cylindrical,glass,transparent,VID_20240131_200405,"{'diameter_top': 6.4, 'diameter_bottom': 5.4, 'net_height': 12.0, 'thickness': 0.14}",{'beta': 0.08},,VID_20240211_204459_2.4_10.2,videos/VID_20240211_204459_2.4_10.2.mp4
VID_20240211_204526,2.571,13.29392,ws-kitchen,no,normal,water_normal,container_18,constant,,yes,manual,cylindrical,glass,transparent,VID_20240131_200405,"{'diameter_top': 6.4, 'diameter_bottom': 5.4, 'net_height': 12.0, 'thickness': 0.14}",{'beta': 0.08},,VID_20240211_204526_2.6_13.3,videos/VID_20240211_204526_2.6_13.3.mp4
VID_20240211_204627,3.104,11.91892,ws-kitchen,no,normal,water_normal,container_18,constant,,yes,manual,cylindrical,glass,transparent,VID_20240131_200405,"{'diameter_top': 6.4, 'diameter_bottom': 5.4, 'net_height': 12.0, 'thickness': 0.14}",{'beta': 0.08},,VID_20240211_204627_3.1_11.9,videos/VID_20240211_204627_3.1_11.9.mp4
VID_20240221_011131,3.259,16.21059,ws-kitchen,no,normal,water_normal,container_35,constant,small cylindrical drinking glass,yes,manual,cylindrical,glass,transparent,VID_20240221_011011,"{'diameter_top': 7.0, 'diameter_bottom': 7.0, 'net_height': 9.0, 'thickness': 0.28}",{'beta': 0.08},,VID_20240221_011131_3.3_16.2,videos/VID_20240221_011131_3.3_16.2.mp4
VID_20240221_011229,3.734,15.71059,ws-kitchen,no,normal,water_normal,container_35,constant,small cylindrical drinking glass,yes,manual,cylindrical,glass,transparent,VID_20240221_011011,"{'diameter_top': 7.0, 'diameter_bottom': 7.0, 'net_height': 9.0, 'thickness': 0.28}",{'beta': 0.08},,VID_20240221_011229_3.7_15.7,videos/VID_20240221_011229_3.7_15.7.mp4
VID_20240221_011257,2.631,13.31476,ws-kitchen,no,normal,water_normal,container_35,constant,small cylindrical drinking glass,no,manual,cylindrical,glass,transparent,VID_20240221_011011,"{'diameter_top': 7.0, 'diameter_bottom': 7.0, 'net_height': 9.0, 'thickness': 0.28}",{'beta': 0.08},,VID_20240221_011257_2.6_13.3,videos/VID_20240221_011257_2.6_13.3.mp4
VID_20240322_235610,1.635,10.73142,ws-kitchen,no,normal,water_normal,container_1,TODO,,yes,manual,cylindrical,plastic,transparent,VID_20240116_230040,"{'diameter_bottom': 5.7, 'diameter_top': 6.3, 'net_height': 19.7, 'thickness': 0.32}",{'beta': 0.0},,VID_20240322_235610_1.6_10.7,videos/VID_20240322_235610_1.6_10.7.mp4
VID_20240322_235641,1.873,20.56476,ws-kitchen,no,normal,water_normal,container_1,TODO,,yes,manual,cylindrical,plastic,transparent,VID_20240116_230040,"{'diameter_bottom': 5.7, 'diameter_top': 6.3, 'net_height': 19.7, 'thickness': 0.32}",{'beta': 0.0},,VID_20240322_235641_1.9_20.6,videos/VID_20240322_235641_1.9_20.6.mp4
VID_20240322_235716,2.376,12.75226,ws-kitchen,no,normal,water_normal,container_1,TODO,,yes,manual,cylindrical,plastic,transparent,VID_20240116_230040,"{'diameter_bottom': 5.7, 'diameter_top': 6.3, 'net_height': 19.7, 'thickness': 0.32}",{'beta': 0.0},,VID_20240322_235716_2.4_12.8,videos/VID_20240322_235716_2.4_12.8.mp4
VID_20240322_235747,2.115,13.25226,ws-kitchen,no,normal,water_normal,container_1,TODO,,yes,manual,cylindrical,plastic,transparent,VID_20240116_230040,"{'diameter_bottom': 5.7, 'diameter_top': 6.3, 'net_height': 19.7, 'thickness': 0.32}",{'beta': 0.0},,VID_20240322_235747_2.1_13.3,videos/VID_20240322_235747_2.1_13.3.mp4
VID_20240322_235817,3.143,27.21285,ws-kitchen,no,normal,water_normal,container_1,TODO,,yes,manual,cylindrical,plastic,transparent,VID_20240116_230040,"{'diameter_bottom': 5.7, 'diameter_top': 6.3, 'net_height': 19.7, 'thickness': 0.32}",{'beta': 0.0},,VID_20240322_235817_3.1_27.2,videos/VID_20240322_235817_3.1_27.2.mp4
VID_20240322_235925,2.487,17.12726,ws-kitchen,no,normal,water_normal,container_1,TODO,,yes,manual,cylindrical,plastic,transparent,VID_20240116_230040,"{'diameter_bottom': 5.7, 'diameter_top': 6.3, 'net_height': 19.7, 'thickness': 0.32}",{'beta': 0.0},,VID_20240322_235925_2.5_17.1,videos/VID_20240322_235925_2.5_17.1.mp4
VID_20240323_000239,3.614,20.31476,ws-kitchen,no,hot,water_hot,container_1,TODO,,yes,manual,cylindrical,plastic,transparent,VID_20240116_230040,"{'diameter_bottom': 5.7, 'diameter_top': 6.3, 'net_height': 19.7, 'thickness': 0.32}",{'beta': 0.0},,VID_20240323_000239_3.6_20.3,videos/VID_20240323_000239_3.6_20.3.mp4
VID_20240323_000316,2.175,20.58559,ws-kitchen,no,hot,water_hot,container_1,TODO,,yes,manual,cylindrical,plastic,transparent,VID_20240116_230040,"{'diameter_bottom': 5.7, 'diameter_top': 6.3, 'net_height': 19.7, 'thickness': 0.32}",{'beta': 0.0},,VID_20240323_000316_2.2_20.6,videos/VID_20240323_000316_2.2_20.6.mp4
VID_20240323_000351,1.764,14.79392,ws-kitchen,no,hot,water_hot,container_1,TODO,,yes,manual,cylindrical,plastic,transparent,VID_20240116_230040,"{'diameter_bottom': 5.7, 'diameter_top': 6.3, 'net_height': 19.7, 'thickness': 0.32}",{'beta': 0.0},,VID_20240323_000351_1.8_14.8,videos/VID_20240323_000351_1.8_14.8.mp4
VID_20240323_000608,2.434,22.73142,ws-kitchen,no,hot,water_hot,container_1,TODO,,yes,manual,cylindrical,plastic,transparent,VID_20240116_230040,"{'diameter_bottom': 5.7, 'diameter_top': 6.3, 'net_height': 19.7, 'thickness': 0.32}",{'beta': 0.0},,VID_20240323_000608_2.4_22.7,videos/VID_20240323_000608_2.4_22.7.mp4
VID_20240323_000704,2.039,11.64809,ws-kitchen,no,hot,water_hot,container_1,TODO,,yes,manual,cylindrical,plastic,transparent,VID_20240116_230040,"{'diameter_bottom': 5.7, 'diameter_top': 6.3, 'net_height': 19.7, 'thickness': 0.32}",{'beta': 0.0},,VID_20240323_000704_2.0_11.6,videos/VID_20240323_000704_2.0_11.6.mp4
VID_20240323_000731,2.381,17.98142,ws-kitchen,no,hot,water_hot,container_1,TODO,,yes,manual,cylindrical,plastic,transparent,VID_20240116_230040,"{'diameter_bottom': 5.7, 'diameter_top': 6.3, 'net_height': 19.7, 'thickness': 0.32}",{'beta': 0.0},,VID_20240323_000731_2.4_18.0,videos/VID_20240323_000731_2.4_18.0.mp4
VID_20240323_000837,1.357,17.73142,ws-kitchen,no,hot,water_hot,container_1,TODO,,yes,manual,cylindrical,plastic,transparent,VID_20240116_230040,"{'diameter_bottom': 5.7, 'diameter_top': 6.3, 'net_height': 19.7, 'thickness': 0.32}",{'beta': 0.0},,VID_20240323_000837_1.4_17.7,videos/VID_20240323_000837_1.4_17.7.mp4
VID_20240323_000928,2.434,20.18976,ws-kitchen,no,hot,water_hot,container_1,TODO,,yes,manual,cylindrical,plastic,transparent,VID_20240116_230040,"{'diameter_bottom': 5.7, 'diameter_top': 6.3, 'net_height': 19.7, 'thickness': 0.32}",{'beta': 0.0},,VID_20240323_000928_2.4_20.2,videos/VID_20240323_000928_2.4_20.2.mp4
VID_20240323_001009,1.866,10.89809,ws-kitchen,no,hot,water_hot,container_1,TODO,,yes,manual,cylindrical,plastic,transparent,VID_20240116_230040,"{'diameter_bottom': 5.7, 'diameter_top': 6.3, 'net_height': 19.7, 'thickness': 0.32}",{'beta': 0.0},,VID_20240323_001009_1.9_10.9,videos/VID_20240323_001009_1.9_10.9.mp4
VID_20240323_001039,2.569,17.60642,ws-kitchen,no,hot,water_hot,container_1,TODO,,yes,manual,cylindrical,plastic,transparent,VID_20240116_230040,"{'diameter_bottom': 5.7, 'diameter_top': 6.3, 'net_height': 19.7, 'thickness': 0.32}",{'beta': 0.0},,VID_20240323_001039_2.6_17.6,videos/VID_20240323_001039_2.6_17.6.mp4
VID_20240323_001314,3.133,20.06476,ws-kitchen,no,hot,water_hot,container_1,constant,different source container,yes,manual,cylindrical,plastic,transparent,VID_20240116_230040,"{'diameter_bottom': 5.7, 'diameter_top': 6.3, 'net_height': 19.7, 'thickness': 0.32}",{'beta': 0.0},,VID_20240323_001314_3.1_20.1,videos/VID_20240323_001314_3.1_20.1.mp4
VID_20240323_002126,2.084,9.46059,ws-kitchen,no,hot,water_hot,container_39,constant,jeera container (with a lid),yes,manual,cylindrical,plastic_pet,transparent,VID_20240323_002126,"{'diameter_top': 5.0, 'diameter_bottom': 6.0, 'net_height': 11.0, 'thickness': 0.23}",{'beta': 0.62},,VID_20240323_002126_2.1_9.5,videos/VID_20240323_002126_2.1_9.5.mp4
VID_20240323_002211,1.849,8.27309,ws-kitchen,no,hot,water_hot,container_39,constant,jeera container (with a lid),yes,manual,cylindrical,plastic_pet,transparent,VID_20240323_002126,"{'diameter_top': 5.0, 'diameter_bottom': 6.0, 'net_height': 11.0, 'thickness': 0.23}",{'beta': 0.62},,VID_20240323_002211_1.8_8.3,videos/VID_20240323_002211_1.8_8.3.mp4
VID_20240323_002231,3.224,14.41892,ws-kitchen,no,hot,water_hot,container_39,constant,jeera container (with a lid),yes,manual,cylindrical,plastic_pet,transparent,VID_20240323_002126,"{'diameter_top': 5.0, 'diameter_bottom': 6.0, 'net_height': 11.0, 'thickness': 0.23}",{'beta': 0.62},,VID_20240323_002231_3.2_14.4,videos/VID_20240323_002231_3.2_14.4.mp4
VID_20240323_002301,1.817,6.39809,ws-kitchen,no,hot,water_hot,container_39,constant,jeera container (with a lid),yes,manual,cylindrical,plastic_pet,transparent,VID_20240323_002126,"{'diameter_top': 5.0, 'diameter_bottom': 6.0, 'net_height': 11.0, 'thickness': 0.23}",{'beta': 0.62},,VID_20240323_002301_1.8_6.4,videos/VID_20240323_002301_1.8_6.4.mp4
VID_20240323_002514,2.096,10.10642,ws-kitchen,no,normal,water_normal,container_39,constant,jeera container (with a lid),yes,manual,cylindrical,plastic_pet,transparent,VID_20240323_002126,"{'diameter_top': 5.0, 'diameter_bottom': 6.0, 'net_height': 11.0, 'thickness': 0.23}",{'beta': 0.62},,VID_20240323_002514_2.1_10.1,videos/VID_20240323_002514_2.1_10.1.mp4
VID_20240323_002536,2.564,11.29392,ws-kitchen,no,normal,water_normal,container_39,constant,jeera container (with a lid),yes,manual,cylindrical,plastic_pet,transparent,VID_20240323_002126,"{'diameter_top': 5.0, 'diameter_bottom': 6.0, 'net_height': 11.0, 'thickness': 0.23}",{'beta': 0.62},,VID_20240323_002536_2.6_11.3,videos/VID_20240323_002536_2.6_11.3.mp4
VID_20240323_002600,2.436,13.02309,ws-kitchen,no,normal,water_normal,container_39,constant,jeera container (with a lid),yes,manual,cylindrical,plastic_pet,transparent,VID_20240323_002126,"{'diameter_top': 5.0, 'diameter_bottom': 6.0, 'net_height': 11.0, 'thickness': 0.23}",{'beta': 0.62},,VID_20240323_002600_2.4_13.0,videos/VID_20240323_002600_2.4_13.0.mp4
VID_20240323_002657,2.013,9.62726,ws-kitchen,no,normal,water_normal,container_39,constant,jeera container (with a lid),yes,manual,cylindrical,plastic_pet,transparent,VID_20240323_002126,"{'diameter_top': 5.0, 'diameter_bottom': 6.0, 'net_height': 11.0, 'thickness': 0.23}",{'beta': 0.62},,VID_20240323_002657_2.0_9.6,videos/VID_20240323_002657_2.0_9.6.mp4
VID_20240331_160952,2.782,12.50279,ws-kitchen,no,normal,water_normal,container_40,constant,glass of water,yes,auto,semiconical,plastic_pp,transparent,VID_20240331_160952,"{'diameter_top': 7.5, 'diameter_bottom': 5.0, 'net_height': 10.0}",,,VID_20240331_160952_2.8_12.5,videos/VID_20240331_160952_2.8_12.5.mp4
VID_20240331_161019,3.553,16.35754,ws-kitchen,no,normal,water_normal,container_40,constant,glass of water,yes,auto,semiconical,plastic_pp,transparent,VID_20240331_160952,"{'diameter_top': 7.5, 'diameter_bottom': 5.0, 'net_height': 10.0}",,,VID_20240331_161019_3.6_16.4,videos/VID_20240331_161019_3.6_16.4.mp4
VID_20240331_161049,3.788,11.29609,ws-kitchen,no,normal,water_normal,container_40,constant,glass of water,yes,auto,semiconical,plastic_pp,transparent,VID_20240331_160952,"{'diameter_top': 7.5, 'diameter_bottom': 5.0, 'net_height': 10.0}",,,VID_20240331_161049_3.8_11.3,videos/VID_20240331_161049_3.8_11.3.mp4
VID_20240331_161115,3.788,10.65922,ws-kitchen,no,normal,water_normal,container_40,constant,glass of water,yes,auto,semiconical,plastic_pp,transparent,VID_20240331_160952,"{'diameter_top': 7.5, 'diameter_bottom': 5.0, 'net_height': 10.0}",,,VID_20240331_161115_3.8_10.7,videos/VID_20240331_161115_3.8_10.7.mp4
VID_20240331_161142,2.38,9.92179,ws-kitchen,no,normal,water_normal,container_40,constant,glass of water,yes,auto,semiconical,plastic_pp,transparent,VID_20240331_160952,"{'diameter_top': 7.5, 'diameter_bottom': 5.0, 'net_height': 10.0}",,,VID_20240331_161142_2.4_9.9,videos/VID_20240331_161142_2.4_9.9.mp4
VID_20240331_161206,3.218,13.27374,ws-kitchen,no,normal,water_normal,container_40,constant,glass of water,yes,auto,semiconical,plastic_pp,transparent,VID_20240331_160952,"{'diameter_top': 7.5, 'diameter_bottom': 5.0, 'net_height': 10.0}",,,VID_20240331_161206_3.2_13.3,videos/VID_20240331_161206_3.2_13.3.mp4
VID_20240331_161233,2.011,7.10615,ws-kitchen,no,normal,water_normal,container_40,constant,glass of water,yes,auto,semiconical,plastic_pp,transparent,VID_20240331_160952,"{'diameter_top': 7.5, 'diameter_bottom': 5.0, 'net_height': 10.0}",,,VID_20240331_161233_2.0_7.1,videos/VID_20240331_161233_2.0_7.1.mp4
VID_20240331_161252,2.48,11.89944,ws-kitchen,no,normal,water_normal,container_40,constant,glass of water,yes,auto,semiconical,plastic_pp,transparent,VID_20240331_160952,"{'diameter_top': 7.5, 'diameter_bottom': 5.0, 'net_height': 10.0}",,,VID_20240331_161252_2.5_11.9,videos/VID_20240331_161252_2.5_11.9.mp4
VID_20240331_161413,3.721,15.65363,ws-kitchen,no,normal,water_normal,container_40,constant,glass of water,yes,auto,semiconical,plastic_pp,transparent,VID_20240331_160952,"{'diameter_top': 7.5, 'diameter_bottom': 5.0, 'net_height': 10.0}",,,VID_20240331_161413_3.7_15.7,videos/VID_20240331_161413_3.7_15.7.mp4
VID_20240331_161441,3.285,11.8324,ws-kitchen,no,normal,water_normal,container_40,constant,glass of water,yes,auto,semiconical,plastic_pp,transparent,VID_20240331_160952,"{'diameter_top': 7.5, 'diameter_bottom': 5.0, 'net_height': 10.0}",,,VID_20240331_161441_3.3_11.8,videos/VID_20240331_161441_3.3_11.8.mp4
VID_20240331_161513,3.251,9.75419,ws-kitchen,no,normal,water_normal,container_40,constant,glass of water,yes,auto,semiconical,plastic_pp,transparent,VID_20240331_160952,"{'diameter_top': 7.5, 'diameter_bottom': 5.0, 'net_height': 10.0}",,,VID_20240331_161513_3.3_9.8,videos/VID_20240331_161513_3.3_9.8.mp4
VID_20240331_161536,2.749,11.8324,ws-kitchen,no,normal,water_normal,container_40,constant,glass of water,yes,auto,semiconical,plastic_pp,transparent,VID_20240331_160952,"{'diameter_top': 7.5, 'diameter_bottom': 5.0, 'net_height': 10.0}",,,VID_20240331_161536_2.7_11.8,videos/VID_20240331_161536_2.7_11.8.mp4
VID_20240331_161602,2.212,8.61453,ws-kitchen,no,normal,water_normal,container_40,constant,glass of water,yes,auto,semiconical,plastic_pp,transparent,VID_20240331_160952,"{'diameter_top': 7.5, 'diameter_bottom': 5.0, 'net_height': 10.0}",,,VID_20240331_161602_2.2_8.6,videos/VID_20240331_161602_2.2_8.6.mp4
VID_20240331_161640,1.877,8.7486,ws-kitchen,no,normal,water_normal,container_40,constant,glass of water,yes,auto,semiconical,plastic_pp,transparent,VID_20240331_160952,"{'diameter_top': 7.5, 'diameter_bottom': 5.0, 'net_height': 10.0}",,,VID_20240331_161640_1.9_8.7,videos/VID_20240331_161640_1.9_8.7.mp4
VID_20240331_162312,2.346,17.43017,ws-kitchen,no,normal,water_normal,container_31,constant,,yes,auto,semiconical,plastic_pet,transparent,VID_20240211_204307,"{'diameter_top': 9.5, 'diameter_bottom': 6.0, 'net_height': 11.5}",,,VID_20240331_162312_2.3_17.4,videos/VID_20240331_162312_2.3_17.4.mp4
VID_20240331_162413,2.615,18.53631,ws-kitchen,no,normal,water_normal,container_31,constant,,yes,auto,semiconical,plastic_pet,transparent,VID_20240211_204307,"{'diameter_top': 9.5, 'diameter_bottom': 6.0, 'net_height': 11.5}",,,VID_20240331_162413_2.6_18.5,videos/VID_20240331_162413_2.6_18.5.mp4
VID_20240331_162446,2.48,20.31285,ws-kitchen,no,normal,water_normal,container_31,constant,,yes,auto,semiconical,plastic_pet,transparent,VID_20240211_204307,"{'diameter_top': 9.5, 'diameter_bottom': 6.0, 'net_height': 11.5}",,,VID_20240331_162446_2.5_20.3,videos/VID_20240331_162446_2.5_20.3.mp4
VID_20240331_162526,2.633,9.46667,ws-kitchen,no,normal,water_normal,container_31,constant,,yes,auto,semiconical,plastic_pet,transparent,VID_20240211_204307,"{'diameter_top': 9.5, 'diameter_bottom': 6.0, 'net_height': 11.5}",,,VID_20240331_162526_2.6_9.5,videos/VID_20240331_162526_2.6_9.5.mp4
VID_20240331_162550,2.48,13.7095,ws-kitchen,no,normal,water_normal,container_31,constant,,yes,auto,semiconical,plastic_pet,transparent,VID_20240211_204307,"{'diameter_top': 9.5, 'diameter_bottom': 6.0, 'net_height': 11.5}",,,VID_20240331_162550_2.5_13.7,videos/VID_20240331_162550_2.5_13.7.mp4
VID_20240331_162720,2.2,11.6,ws-kitchen,no,normal,water_normal,container_31,constant,,yes,auto,semiconical,plastic_pet,transparent,VID_20240211_204307,"{'diameter_top': 9.5, 'diameter_bottom': 6.0, 'net_height': 11.5}",,,VID_20240331_162720_2.2_11.6,videos/VID_20240331_162720_2.2_11.6.mp4
VID_20240331_162746,2.078,11.39665,ws-kitchen,no,normal,water_normal,container_31,constant,,yes,auto,semiconical,plastic_pet,transparent,VID_20240211_204307,"{'diameter_top': 9.5, 'diameter_bottom': 6.0, 'net_height': 11.5}",,,VID_20240331_162746_2.1_11.4,videos/VID_20240331_162746_2.1_11.4.mp4
VID_20240331_162811,2.0,12.96667,ws-kitchen,no,normal,water_normal,container_31,constant,,yes,auto,semiconical,plastic_pet,transparent,VID_20240211_204307,"{'diameter_top': 9.5, 'diameter_bottom': 6.0, 'net_height': 11.5}",,,VID_20240331_162811_2.0_13.0,videos/VID_20240331_162811_2.0_13.0.mp4
VID_20240331_162838,2.011,12.30168,ws-kitchen,no,normal,water_normal,container_31,constant,,yes,auto,semiconical,plastic_pet,transparent,VID_20240211_204307,"{'diameter_top': 9.5, 'diameter_bottom': 6.0, 'net_height': 11.5}",,,VID_20240331_162838_2.0_12.3,videos/VID_20240331_162838_2.0_12.3.mp4
VID_20240331_162904,2.615,17.96648,ws-kitchen,no,normal,water_normal,container_31,constant,,yes,auto,semiconical,plastic_pet,transparent,VID_20240211_204307,"{'diameter_top': 9.5, 'diameter_bottom': 6.0, 'net_height': 11.5}",,,VID_20240331_162904_2.6_18.0,videos/VID_20240331_162904_2.6_18.0.mp4
VID_20240331_163007,1.777,20.27933,ws-kitchen,no,normal,water_normal,container_31,constant,,yes,auto,semiconical,plastic_pet,transparent,VID_20240211_204307,"{'diameter_top': 9.5, 'diameter_bottom': 6.0, 'net_height': 11.5}",,,VID_20240331_163007_1.8_20.3,videos/VID_20240331_163007_1.8_20.3.mp4
VID_20240331_170520,1.967,8.3,ws-kitchen,no,normal,water_normal,container_30,constant,,yes,auto,semiconical,plastic_pet,transparent,VID_20240211_204153,"{'diameter_top': 7.5, 'diameter_bottom': 5.0, 'net_height': 8.0}",,,VID_20240331_170520_2.0_8.3,videos/VID_20240331_170520_2.0_8.3.mp4
VID_20240331_170543,2.067,8.53333,ws-kitchen,no,normal,water_normal,container_30,constant,,yes,auto,semiconical,plastic_pet,transparent,VID_20240211_204153,"{'diameter_top': 7.5, 'diameter_bottom': 5.0, 'net_height': 8.0}",,,VID_20240331_170543_2.1_8.5,videos/VID_20240331_170543_2.1_8.5.mp4
VID_20240331_170603,2.333,8.26667,ws-kitchen,no,normal,water_normal,container_30,constant,,yes,auto,semiconical,plastic_pet,transparent,VID_20240211_204153,"{'diameter_top': 7.5, 'diameter_bottom': 5.0, 'net_height': 8.0}",,,VID_20240331_170603_2.3_8.3,videos/VID_20240331_170603_2.3_8.3.mp4
VID_20240331_170638,3.318,11.06145,ws-kitchen,no,normal,water_normal,container_30,constant,,yes,auto,semiconical,plastic_pet,transparent,VID_20240211_204153,"{'diameter_top': 7.5, 'diameter_bottom': 5.0, 'net_height': 8.0}",,,VID_20240331_170638_3.3_11.1,videos/VID_20240331_170638_3.3_11.1.mp4
VID_20240331_170700,2.145,8.7486,ws-kitchen,no,normal,water_normal,container_30,constant,,yes,auto,semiconical,plastic_pet,transparent,VID_20240211_204153,"{'diameter_top': 7.5, 'diameter_bottom': 5.0, 'net_height': 8.0}",,,VID_20240331_170700_2.1_8.7,videos/VID_20240331_170700_2.1_8.7.mp4
VID_20240331_170718,2.447,8.7486,ws-kitchen,no,normal,water_normal,container_30,constant,,yes,auto,semiconical,plastic_pet,transparent,VID_20240211_204153,"{'diameter_top': 7.5, 'diameter_bottom': 5.0, 'net_height': 8.0}",,,VID_20240331_170718_2.4_8.7,videos/VID_20240331_170718_2.4_8.7.mp4
VID_20240331_170738,3.788,11.53073,ws-kitchen,no,normal,water_normal,container_30,constant,,yes,auto,semiconical,plastic_pet,transparent,VID_20240211_204153,"{'diameter_top': 7.5, 'diameter_bottom': 5.0, 'net_height': 8.0}",,,VID_20240331_170738_3.8_11.5,videos/VID_20240331_170738_3.8_11.5.mp4
VID_20240331_170800,2.413,7.57542,ws-kitchen,no,normal,water_normal,container_30,constant,,yes,auto,semiconical,plastic_pet,transparent,VID_20240211_204153,"{'diameter_top': 7.5, 'diameter_bottom': 5.0, 'net_height': 8.0}",,,VID_20240331_170800_2.4_7.6,videos/VID_20240331_170800_2.4_7.6.mp4
VID_20240331_170842,2.883,9.2514,ws-kitchen,no,normal,water_normal,container_43,constant,mini bottle of water,yes,auto,semiconical,plastic_pet,transparent,VID_20240331_170822,"{'diameter_top': 6.8, 'diameter_bottom': 5.0, 'net_height': 7.0}",,,VID_20240331_170842_2.9_9.3,videos/VID_20240331_170842_2.9_9.3.mp4
VID_20240331_170900,2.145,6.97207,ws-kitchen,no,normal,water_normal,container_43,constant,mini bottle of water,yes,auto,semiconical,plastic_pet,transparent,VID_20240331_170822,"{'diameter_top': 6.8, 'diameter_bottom': 5.0, 'net_height': 7.0}",,,VID_20240331_170900_2.1_7.0,videos/VID_20240331_170900_2.1_7.0.mp4
VID_20240331_170917,2.447,9.2514,ws-kitchen,no,normal,water_normal,container_43,constant,mini bottle of water,yes,auto,semiconical,plastic_pet,transparent,VID_20240331_170822,"{'diameter_top': 6.8, 'diameter_bottom': 5.0, 'net_height': 7.0}",,,VID_20240331_170917_2.4_9.3,videos/VID_20240331_170917_2.4_9.3.mp4
VID_20240331_170937,2.447,9.45251,ws-kitchen,no,normal,water_normal,container_43,constant,mini bottle of water,yes,auto,semiconical,plastic_pet,transparent,VID_20240331_170822,"{'diameter_top': 6.8, 'diameter_bottom': 5.0, 'net_height': 7.0}",,,VID_20240331_170937_2.4_9.5,videos/VID_20240331_170937_2.4_9.5.mp4
VID_20240331_170958,2.782,8.34637,ws-kitchen,no,normal,water_normal,container_43,constant,mini bottle of water,yes,auto,semiconical,plastic_pet,transparent,VID_20240331_170822,"{'diameter_top': 6.8, 'diameter_bottom': 5.0, 'net_height': 7.0}",,,VID_20240331_170958_2.8_8.3,videos/VID_20240331_170958_2.8_8.3.mp4
VID_20240331_171017,2.078,9.88827,ws-kitchen,no,normal,water_normal,container_43,constant,mini bottle of water,yes,auto,semiconical,plastic_pet,transparent,VID_20240331_170822,"{'diameter_top': 6.8, 'diameter_bottom': 5.0, 'net_height': 7.0}",,,VID_20240331_171017_2.1_9.9,videos/VID_20240331_171017_2.1_9.9.mp4
VID_20240331_171037,1.833,7.63333,ws-kitchen,no,normal,water_normal,container_43,constant,mini bottle of water,yes,auto,semiconical,plastic_pet,transparent,VID_20240331_170822,"{'diameter_top': 6.8, 'diameter_bottom': 5.0, 'net_height': 7.0}",,,VID_20240331_171037_1.8_7.6,videos/VID_20240331_171037_1.8_7.6.mp4
VID_20240403_235445,2.733,14.53333,ws-kitchen,no,normal,water_normal,container_18,constant,,yes,auto,cylindrical,glass,transparent,VID_20240131_200405,"{'diameter_top': 6.4, 'diameter_bottom': 5.4, 'net_height': 12.0, 'thickness': 0.14}",{'beta': 0.08},,VID_20240403_235445_2.7_14.5,videos/VID_20240403_235445_2.7_14.5.mp4
VID_20240403_235516,2.648,12.87151,ws-kitchen,no,normal,water_normal,container_18,constant,,yes,auto,cylindrical,glass,transparent,VID_20240131_200405,"{'diameter_top': 6.4, 'diameter_bottom': 5.4, 'net_height': 12.0, 'thickness': 0.14}",{'beta': 0.08},,VID_20240403_235516_2.6_12.9,videos/VID_20240403_235516_2.6_12.9.mp4
VID_20240403_235542,2.246,9.41899,ws-kitchen,no,normal,water_normal,container_18,constant,,yes,auto,cylindrical,glass,transparent,VID_20240131_200405,"{'diameter_top': 6.4, 'diameter_bottom': 5.4, 'net_height': 12.0, 'thickness': 0.14}",{'beta': 0.08},,VID_20240403_235542_2.2_9.4,videos/VID_20240403_235542_2.2_9.4.mp4
VID_20240403_235606,2.916,13.67598,ws-kitchen,no,normal,water_normal,container_18,constant,,yes,auto,cylindrical,glass,transparent,VID_20240131_200405,"{'diameter_top': 6.4, 'diameter_bottom': 5.4, 'net_height': 12.0, 'thickness': 0.14}",{'beta': 0.08},,VID_20240403_235606_2.9_13.7,videos/VID_20240403_235606_2.9_13.7.mp4
VID_20240403_235633,2.95,11.29609,ws-kitchen,no,normal,water_normal,container_18,constant,,yes,auto,cylindrical,glass,transparent,VID_20240131_200405,"{'diameter_top': 6.4, 'diameter_bottom': 5.4, 'net_height': 12.0, 'thickness': 0.14}",{'beta': 0.08},,VID_20240403_235633_3.0_11.3,videos/VID_20240403_235633_3.0_11.3.mp4
VID_20240403_235712,2.279,11.26257,ws-kitchen,no,normal,water_normal,container_18,constant,,yes,auto,cylindrical,glass,transparent,VID_20240131_200405,"{'diameter_top': 6.4, 'diameter_bottom': 5.4, 'net_height': 12.0, 'thickness': 0.14}",{'beta': 0.08},,VID_20240403_235712_2.3_11.3,videos/VID_20240403_235712_2.3_11.3.mp4
VID_20240403_235735,2.816,12.3352,ws-kitchen,no,normal,water_normal,container_18,constant,,yes,auto,cylindrical,glass,transparent,VID_20240131_200405,"{'diameter_top': 6.4, 'diameter_bottom': 5.4, 'net_height': 12.0, 'thickness': 0.14}",{'beta': 0.08},,VID_20240403_235735_2.8_12.3,videos/VID_20240403_235735_2.8_12.3.mp4
VID_20240403_235800,2.413,8.14525,ws-kitchen,no,normal,water_normal,container_18,constant,,yes,auto,cylindrical,glass,transparent,VID_20240131_200405,"{'diameter_top': 6.4, 'diameter_bottom': 5.4, 'net_height': 12.0, 'thickness': 0.14}",{'beta': 0.08},,VID_20240403_235800_2.4_8.1,videos/VID_20240403_235800_2.4_8.1.mp4
VID_20240403_235850,1.911,11.6648,ws-kitchen,no,normal,water_normal,container_18,constant,,yes,auto,cylindrical,glass,transparent,VID_20240131_200405,"{'diameter_top': 6.4, 'diameter_bottom': 5.4, 'net_height': 12.0, 'thickness': 0.14}",{'beta': 0.08},,VID_20240403_235850_1.9_11.7,videos/VID_20240403_235850_1.9_11.7.mp4
VID_20240405_212400,1.944,10.92737,vgg-mrcr,no,normal,water_normal,container_7,constant,,yes,auto,cylindrical,glass,transparent,VID_20240118_192827,"{'diameter_top': 6.5, 'diameter_bottom': 5, 'net_height': 9.5}",,,VID_20240405_212400_1.9_10.9,videos/VID_20240405_212400_1.9_10.9.mp4
VID_20240405_212423,1.709,10.7933,vgg-mrcr,no,normal,water_normal,container_7,constant,,yes,auto,cylindrical,glass,transparent,VID_20240118_192827,"{'diameter_top': 6.5, 'diameter_bottom': 5, 'net_height': 9.5}",,,VID_20240405_212423_1.7_10.8,videos/VID_20240405_212423_1.7_10.8.mp4
VID_20240405_212445,4.391,11.29609,vgg-mrcr,no,normal,water_normal,container_7,constant,,yes,auto,cylindrical,glass,transparent,VID_20240118_192827,"{'diameter_top': 6.5, 'diameter_bottom': 5, 'net_height': 9.5}",,,VID_20240405_212445_4.4_11.3,videos/VID_20240405_212445_4.4_11.3.mp4
VID_20240405_212508,2.145,8.9162,vgg-mrcr,no,normal,water_normal,container_7,constant,,yes,auto,cylindrical,glass,transparent,VID_20240118_192827,"{'diameter_top': 6.5, 'diameter_bottom': 5, 'net_height': 9.5}",,,VID_20240405_212508_2.1_8.9,videos/VID_20240405_212508_2.1_8.9.mp4
VID_20240405_212527,1.844,7.87709,vgg-mrcr,no,normal,water_normal,container_7,constant,,yes,auto,cylindrical,glass,transparent,VID_20240118_192827,"{'diameter_top': 6.5, 'diameter_bottom': 5, 'net_height': 9.5}",,,VID_20240405_212527_1.8_7.9,videos/VID_20240405_212527_1.8_7.9.mp4
VID_20240405_212545,1.676,8.07821,vgg-mrcr,no,normal,water_normal,container_7,constant,,yes,auto,cylindrical,glass,transparent,VID_20240118_192827,"{'diameter_top': 6.5, 'diameter_bottom': 5, 'net_height': 9.5}",,,VID_20240405_212545_1.7_8.1,videos/VID_20240405_212545_1.7_8.1.mp4
VID_20240405_212615,2.346,9.0838,vgg-mrcr,no,normal,water_normal,container_7,constant,,yes,auto,cylindrical,glass,transparent,VID_20240118_192827,"{'diameter_top': 6.5, 'diameter_bottom': 5, 'net_height': 9.5}",,,VID_20240405_212615_2.3_9.1,videos/VID_20240405_212615_2.3_9.1.mp4
VID_20240405_212654,2.011,8.04469,vgg-mrcr,no,normal,water_normal,container_7,constant,,yes,auto,cylindrical,glass,transparent,VID_20240118_192827,"{'diameter_top': 6.5, 'diameter_bottom': 5, 'net_height': 9.5}",,,VID_20240405_212654_2.0_8.0,videos/VID_20240405_212654_2.0_8.0.mp4
VID_20240405_212712,2.011,7.50838,vgg-mrcr,no,normal,water_normal,container_7,constant,,yes,auto,cylindrical,glass,transparent,VID_20240118_192827,"{'diameter_top': 6.5, 'diameter_bottom': 5, 'net_height': 9.5}",,,VID_20240405_212712_2.0_7.5,videos/VID_20240405_212712_2.0_7.5.mp4
VID_20240405_212809,1.743,10.39106,vgg-mrcr,no,normal,water_normal,container_6,constant,,yes,auto,cylindrical,glass,transparent,VID_20240118_192737,"{'diameter_top': 7.0, 'diameter_bottom': 7.0, 'net_height': 7.0, 'thickness': 0.24}",{'beta': 0.08},,VID_20240405_212809_1.7_10.4,videos/VID_20240405_212809_1.7_10.4.mp4
VID_20240405_212850,1.877,9.21788,vgg-mrcr,no,normal,water_normal,container_6,constant,,yes,auto,cylindrical,glass,transparent,VID_20240118_192737,"{'diameter_top': 7.0, 'diameter_bottom': 7.0, 'net_height': 7.0, 'thickness': 0.24}",{'beta': 0.08},,VID_20240405_212850_1.9_9.2,videos/VID_20240405_212850_1.9_9.2.mp4
VID_20240405_212914,2.233,9.43333,vgg-mrcr,no,normal,water_normal,container_6,constant,,yes,auto,cylindrical,glass,transparent,VID_20240118_192737,"{'diameter_top': 7.0, 'diameter_bottom': 7.0, 'net_height': 7.0, 'thickness': 0.24}",{'beta': 0.08},,VID_20240405_212914_2.2_9.4,videos/VID_20240405_212914_2.2_9.4.mp4
VID_20240405_212935,2.733,8.83333,vgg-mrcr,no,normal,water_normal,container_6,constant,,yes,auto,cylindrical,glass,transparent,VID_20240118_192737,"{'diameter_top': 7.0, 'diameter_bottom': 7.0, 'net_height': 7.0, 'thickness': 0.24}",{'beta': 0.08},,VID_20240405_212935_2.7_8.8,videos/VID_20240405_212935_2.7_8.8.mp4
VID_20240405_213021,2.346,7.24022,vgg-mrcr,no,normal,water_normal,container_6,constant,,yes,auto,cylindrical,glass,transparent,VID_20240118_192737,"{'diameter_top': 7.0, 'diameter_bottom': 7.0, 'net_height': 7.0, 'thickness': 0.24}",{'beta': 0.08},,VID_20240405_213021_2.3_7.2,videos/VID_20240405_213021_2.3_7.2.mp4
VID_20240405_213041,2.313,11.22905,vgg-mrcr,no,normal,water_normal,container_6,constant,,yes,auto,cylindrical,glass,transparent,VID_20240118_192737,"{'diameter_top': 7.0, 'diameter_bottom': 7.0, 'net_height': 7.0, 'thickness': 0.24}",{'beta': 0.08},,VID_20240405_213041_2.3_11.2,videos/VID_20240405_213041_2.3_11.2.mp4
VID_20240405_213104,1.877,9.01676,vgg-mrcr,no,normal,water_normal,container_6,constant,,yes,auto,cylindrical,glass,transparent,VID_20240118_192737,"{'diameter_top': 7.0, 'diameter_bottom': 7.0, 'net_height': 7.0, 'thickness': 0.24}",{'beta': 0.08},,VID_20240405_213104_1.9_9.0,videos/VID_20240405_213104_1.9_9.0.mp4
VID_20240405_213124,1.642,8.7486,vgg-mrcr,no,normal,water_normal,container_6,constant,,yes,auto,cylindrical,glass,transparent,VID_20240118_192737,"{'diameter_top': 7.0, 'diameter_bottom': 7.0, 'net_height': 7.0, 'thickness': 0.24}",{'beta': 0.08},,VID_20240405_213124_1.6_8.7,videos/VID_20240405_213124_1.6_8.7.mp4
VID_20240405_213144,1.978,9.45251,vgg-mrcr,no,normal,water_normal,container_6,constant,,yes,auto,cylindrical,glass,transparent,VID_20240118_192737,"{'diameter_top': 7.0, 'diameter_bottom': 7.0, 'net_height': 7.0, 'thickness': 0.24}",{'beta': 0.08},,VID_20240405_213144_2.0_9.5,videos/VID_20240405_213144_2.0_9.5.mp4
VID_20240405_221006,2.112,9.15084,vgg-mrcr,no,hot,water_hot,container_7,constant,,yes,auto,cylindrical,glass,transparent,VID_20240118_192827,"{'diameter_top': 6.5, 'diameter_bottom': 5, 'net_height': 9.5}",,,VID_20240405_221006_2.1_9.2,videos/VID_20240405_221006_2.1_9.2.mp4
VID_20240405_221025,1.542,7.94413,vgg-mrcr,no,hot,water_hot,container_7,constant,,yes,auto,cylindrical,glass,transparent,VID_20240118_192827,"{'diameter_top': 6.5, 'diameter_bottom': 5, 'net_height': 9.5}",,,VID_20240405_221025_1.5_7.9,videos/VID_20240405_221025_1.5_7.9.mp4
VID_20240405_221105,1.408,7.03911,vgg-mrcr,no,hot,water_hot,container_6,constant,,yes,auto,cylindrical,glass,transparent,VID_20240118_192737,"{'diameter_top': 7.0, 'diameter_bottom': 7.0, 'net_height': 7.0, 'thickness': 0.24}",{'beta': 0.08},,VID_20240405_221105_1.4_7.0,videos/VID_20240405_221105_1.4_7.0.mp4
VID_20240405_221138,1.709,8.17877,vgg-mrcr,no,hot,water_hot,container_6,constant,,yes,auto,cylindrical,glass,transparent,VID_20240118_192737,"{'diameter_top': 7.0, 'diameter_bottom': 7.0, 'net_height': 7.0, 'thickness': 0.24}",{'beta': 0.08},,VID_20240405_221138_1.7_8.2,videos/VID_20240405_221138_1.7_8.2.mp4
VID_20240406_235620,3.017,15.05028,ws-kitchen,no,hot,water_hot,container_31,constant,,yes,auto,semiconical,plastic_pet,transparent,VID_20240211_204307,"{'diameter_top': 9.5, 'diameter_bottom': 6.0, 'net_height': 11.5}",,,VID_20240406_235620_3.0_15.1,videos/VID_20240406_235620_3.0_15.1.mp4
VID_20240406_235719,2.246,14.78212,ws-kitchen,no,hot,water_hot,container_31,constant,,yes,auto,semiconical,plastic_pet,transparent,VID_20240211_204307,"{'diameter_top': 9.5, 'diameter_bottom': 6.0, 'net_height': 11.5}",,,VID_20240406_235719_2.2_14.8,videos/VID_20240406_235719_2.2_14.8.mp4
VID_20240406_235811,2.682,12.60335,ws-kitchen,no,hot,water_hot,container_31,constant,,yes,auto,semiconical,plastic_pet,transparent,VID_20240211_204307,"{'diameter_top': 9.5, 'diameter_bottom': 6.0, 'net_height': 11.5}",,,VID_20240406_235811_2.7_12.6,videos/VID_20240406_235811_2.7_12.6.mp4
VID_20240406_235846,1.199,9.93976,ws-kitchen,no,hot,water_hot,container_30,constant,,yes,auto,semiconical,plastic_pet,transparent,VID_20240211_204153,"{'diameter_top': 7.5, 'diameter_bottom': 5.0, 'net_height': 8.0}",,,VID_20240406_235846_1.2_9.9,videos/VID_20240406_235846_1.2_9.9.mp4
VID_20240406_235953,1.273,7.39809,ws-kitchen,no,hot,water_hot,container_30,constant,,yes,auto,semiconical,plastic_pet,transparent,VID_20240211_204153,"{'diameter_top': 7.5, 'diameter_bottom': 5.0, 'net_height': 8.0}",,,VID_20240406_235953_1.3_7.4,videos/VID_20240406_235953_1.3_7.4.mp4
VID_20240407_000011,3.62,12.46927,ws-kitchen,no,hot,water_hot,container_30,constant,,yes,auto,semiconical,plastic_pet,transparent,VID_20240211_204153,"{'diameter_top': 7.5, 'diameter_bottom': 5.0, 'net_height': 8.0}",,,VID_20240407_000011_3.6_12.5,videos/VID_20240407_000011_3.6_12.5.mp4
VID_20240407_000036,1.919,8.18976,ws-kitchen,no,hot,water_hot,container_43,constant,mini bottle of water,yes,auto,semiconical,plastic_pet,transparent,VID_20240331_170822,"{'diameter_top': 6.8, 'diameter_bottom': 5.0, 'net_height': 7.0}",,,VID_20240407_000036_1.9_8.2,videos/VID_20240407_000036_1.9_8.2.mp4
VID_20240407_000114,2.413,8.21229,ws-kitchen,no,hot,water_hot,container_43,constant,mini bottle of water,yes,auto,semiconical,plastic_pet,transparent,VID_20240331_170822,"{'diameter_top': 6.8, 'diameter_bottom': 5.0, 'net_height': 7.0}",,,VID_20240407_000114_2.4_8.2,videos/VID_20240407_000114_2.4_8.2.mp4
VID_20240407_001336,2.447,10.69274,ws-kitchen,no,hot,water_hot,container_30,constant,different source container,yes,auto,semiconical,plastic_pet,transparent,VID_20240211_204153,"{'diameter_top': 7.5, 'diameter_bottom': 5.0, 'net_height': 8.0}",,,VID_20240407_001336_2.4_10.7,videos/VID_20240407_001336_2.4_10.7.mp4
VID_20240407_001355,2.581,11.46369,ws-kitchen,no,hot,water_hot,container_30,constant,different source container,yes,auto,semiconical,plastic_pet,transparent,VID_20240211_204153,"{'diameter_top': 7.5, 'diameter_bottom': 5.0, 'net_height': 8.0}",,,VID_20240407_001355_2.6_11.5,videos/VID_20240407_001355_2.6_11.5.mp4
VID_20240407_001417,2.547,7.81006,ws-kitchen,no,hot,water_hot,container_43,constant,mini bottle of water,yes,auto,semiconical,plastic_pet,transparent,VID_20240331_170822,"{'diameter_top': 6.8, 'diameter_bottom': 5.0, 'net_height': 7.0}",,,VID_20240407_001417_2.5_7.8,videos/VID_20240407_001417_2.5_7.8.mp4
VID_20240407_001433,2.979,14.27309,ws-kitchen,no,hot,water_hot,container_43,constant,mini bottle of water,yes,auto,semiconical,plastic_pet,transparent,VID_20240331_170822,"{'diameter_top': 6.8, 'diameter_bottom': 5.0, 'net_height': 7.0}",,,VID_20240407_001433_3.0_14.3,videos/VID_20240407_001433_3.0_14.3.mp4
VID_20240407_001459,2.011,8.54749,ws-kitchen,no,hot,water_hot,container_43,constant,mini bottle of water,yes,auto,semiconical,plastic_pet,transparent,VID_20240331_170822,"{'diameter_top': 6.8, 'diameter_bottom': 5.0, 'net_height': 7.0}",,,VID_20240407_001459_2.0_8.5,videos/VID_20240407_001459_2.0_8.5.mp4
VID_20240411_225158,1.542,9.72067,vgg-mrcr,no,normal,water_hot,container_30,constant,,yes,auto,semiconical,plastic_pet,transparent,VID_20240211_204153,"{'diameter_top': 7.5, 'diameter_bottom': 5.0, 'net_height': 8.0}",,,VID_20240411_225158_1.5_9.7,videos/VID_20240411_225158_1.5_9.7.mp4
VID_20240411_225218,1.702,13.43976,vgg-mrcr,no,normal,water_hot,container_30,constant,,yes,manual,semiconical,plastic_pet,transparent,VID_20240211_204153,"{'diameter_top': 7.5, 'diameter_bottom': 5.0, 'net_height': 8.0}",,,VID_20240411_225218_1.7_13.4,videos/VID_20240411_225218_1.7_13.4.mp4
VID_20240411_225301,1.471,10.56476,vgg-mrcr,no,normal,water_hot,container_30,constant,,yes,manual,semiconical,plastic_pet,transparent,VID_20240211_204153,"{'diameter_top': 7.5, 'diameter_bottom': 5.0, 'net_height': 8.0}",,,VID_20240411_225301_1.5_10.6,videos/VID_20240411_225301_1.5_10.6.mp4
VID_20240411_225321,1.37726,7.35642,vgg-mrcr,no,normal,water_hot,container_30,constant,,yes,manual,semiconical,plastic_pet,transparent,VID_20240211_204153,"{'diameter_top': 7.5, 'diameter_bottom': 5.0, 'net_height': 8.0}",,,VID_20240411_225321_1.4_7.4,videos/VID_20240411_225321_1.4_7.4.mp4
VID_20240411_225339,1.811,12.16892,vgg-mrcr,no,normal,water_hot,container_30,constant,,yes,manual,semiconical,plastic_pet,transparent,VID_20240211_204153,"{'diameter_top': 7.5, 'diameter_bottom': 5.0, 'net_height': 8.0}",,,VID_20240411_225339_1.8_12.2,videos/VID_20240411_225339_1.8_12.2.mp4
VID_20240411_225400,2.028,10.08559,vgg-mrcr,no,normal,water_hot,container_30,constant,,yes,manual,semiconical,plastic_pet,transparent,VID_20240211_204153,"{'diameter_top': 7.5, 'diameter_bottom': 5.0, 'net_height': 8.0}",,,VID_20240411_225400_2.0_10.1,videos/VID_20240411_225400_2.0_10.1.mp4
VID_20240411_225832,4.391,14.88268,vgg-mrcr,no,normal,water_hot,container_31,constant,,yes,auto,semiconical,plastic_pet,transparent,VID_20240211_204307,"{'diameter_top': 9.5, 'diameter_bottom': 6.0, 'net_height': 11.5}",,,VID_20240411_225832_4.4_14.9,videos/VID_20240411_225832_4.4_14.9.mp4
VID_20240411_225857,2.648,11.69832,vgg-mrcr,no,normal,water_hot,container_31,constant,,yes,auto,semiconical,plastic_pet,transparent,VID_20240211_204307,"{'diameter_top': 9.5, 'diameter_bottom': 6.0, 'net_height': 11.5}",,,VID_20240411_225857_2.6_11.7,videos/VID_20240411_225857_2.6_11.7.mp4
VID_20240411_225919,1.29,22.48142,vgg-mrcr,no,normal,water_hot,container_31,constant,,yes,manual,semiconical,plastic_pet,transparent,VID_20240211_204307,"{'diameter_top': 9.5, 'diameter_bottom': 6.0, 'net_height': 11.5}",,,VID_20240411_225919_1.3_22.5,videos/VID_20240411_225919_1.3_22.5.mp4
VID_20240411_225953,2.615,10.65922,vgg-mrcr,no,normal,water_hot,container_31,constant,,yes,auto,semiconical,plastic_pet,transparent,VID_20240211_204307,"{'diameter_top': 9.5, 'diameter_bottom': 6.0, 'net_height': 11.5}",,,VID_20240411_225953_2.6_10.7,videos/VID_20240411_225953_2.6_10.7.mp4
VID_20240411_230041,2.782,12.36872,vgg-mrcr,no,normal,water_hot,container_31,constant,,yes,auto,semiconical,plastic_pet,transparent,VID_20240211_204307,"{'diameter_top': 9.5, 'diameter_bottom': 6.0, 'net_height': 11.5}",,,VID_20240411_230041_2.8_12.4,videos/VID_20240411_230041_2.8_12.4.mp4
VID_20240411_230132,3.017,12.30168,vgg-mrcr,no,normal,water_hot,container_40,constant,glass of water,yes,auto,semiconical,plastic_pp,transparent,VID_20240331_160952,"{'diameter_top': 7.5, 'diameter_bottom': 5.0, 'net_height': 10.0}",,,VID_20240411_230132_3.0_12.3,videos/VID_20240411_230132_3.0_12.3.mp4
VID_20240411_230156,3.767,13.0,vgg-mrcr,no,normal,water_hot,container_40,constant,glass of water,yes,auto,semiconical,plastic_pp,transparent,VID_20240331_160952,"{'diameter_top': 7.5, 'diameter_bottom': 5.0, 'net_height': 10.0}",,,VID_20240411_230156_3.8_13.0,videos/VID_20240411_230156_3.8_13.0.mp4
VID_20240411_230220,1.769,13.27309,vgg-mrcr,no,normal,water_hot,container_40,constant,glass of water,yes,manual,semiconical,plastic_pp,transparent,VID_20240331_160952,"{'diameter_top': 7.5, 'diameter_bottom': 5.0, 'net_height': 10.0}",,,VID_20240411_230220_1.8_13.3,videos/VID_20240411_230220_1.8_13.3.mp4
VID_20240411_230244,2.849,10.82682,vgg-mrcr,no,normal,water_hot,container_40,constant,glass of water,yes,auto,semiconical,plastic_pp,transparent,VID_20240331_160952,"{'diameter_top': 7.5, 'diameter_bottom': 5.0, 'net_height': 10.0}",,,VID_20240411_230244_2.8_10.8,videos/VID_20240411_230244_2.8_10.8.mp4
VID_20240411_230306,1.546,13.64809,vgg-mrcr,no,normal,water_hot,container_40,constant,glass of water,yes,manual,semiconical,plastic_pp,transparent,VID_20240331_160952,"{'diameter_top': 7.5, 'diameter_bottom': 5.0, 'net_height': 10.0}",,,VID_20240411_230306_1.5_13.6,videos/VID_20240411_230306_1.5_13.6.mp4
VID_20240411_232422,1.844,10.65922,vgg-mrcr,no,normal,water_hot,container_7,constant,,yes,auto,cylindrical,glass,transparent,VID_20240118_192827,"{'diameter_top': 6.5, 'diameter_bottom': 5, 'net_height': 9.5}",,,VID_20240411_232422_1.8_10.7,videos/VID_20240411_232422_1.8_10.7.mp4
VID_20240411_232443,1.81,14.37989,vgg-mrcr,no,normal,water_hot,container_7,constant,,yes,auto,cylindrical,glass,transparent,VID_20240118_192827,"{'diameter_top': 6.5, 'diameter_bottom': 5, 'net_height': 9.5}",,,VID_20240411_232443_1.8_14.4,videos/VID_20240411_232443_1.8_14.4.mp4
VID_20240411_232509,1.676,11.06145,vgg-mrcr,no,normal,water_hot,container_7,constant,,yes,auto,cylindrical,glass,transparent,VID_20240118_192827,"{'diameter_top': 6.5, 'diameter_bottom': 5, 'net_height': 9.5}",,,VID_20240411_232509_1.7_11.1,videos/VID_20240411_232509_1.7_11.1.mp4
VID_20240411_232530,1.844,11.6648,vgg-mrcr,no,normal,water_hot,container_7,constant,,yes,auto,cylindrical,glass,transparent,VID_20240118_192827,"{'diameter_top': 6.5, 'diameter_bottom': 5, 'net_height': 9.5}",,,VID_20240411_232530_1.8_11.7,videos/VID_20240411_232530_1.8_11.7.mp4
VID_20240411_232552,1.441,9.15084,vgg-mrcr,no,normal,water_hot,container_7,constant,,yes,auto,cylindrical,glass,transparent,VID_20240118_192827,"{'diameter_top': 6.5, 'diameter_bottom': 5, 'net_height': 9.5}",,,VID_20240411_232552_1.4_9.2,videos/VID_20240411_232552_1.4_9.2.mp4
VID_20240411_232611,2.145,8.48045,vgg-mrcr,no,normal,water_hot,container_7,constant,,yes,auto,cylindrical,glass,transparent,VID_20240118_192827,"{'diameter_top': 6.5, 'diameter_bottom': 5, 'net_height': 9.5}",,,VID_20240411_232611_2.1_8.5,videos/VID_20240411_232611_2.1_8.5.mp4
VID_20240411_234136,1.609,9.41899,vgg-mrcr,no,normal,water_normal,container_30,constant,,yes,auto,semiconical,plastic_pet,transparent,VID_20240211_204153,"{'diameter_top': 7.5, 'diameter_bottom': 5.0, 'net_height': 8.0}",,,VID_20240411_234136_1.6_9.4,videos/VID_20240411_234136_1.6_9.4.mp4
VID_20240411_234154,1.604,8.85794,vgg-mrcr,no,normal,water_normal,container_30,constant,,yes,auto,semiconical,plastic_pet,transparent,VID_20240211_204153,"{'diameter_top': 7.5, 'diameter_bottom': 5.0, 'net_height': 8.0}",,,VID_20240411_234154_1.6_8.9,videos/VID_20240411_234154_1.6_8.9.mp4
VID_20240411_234213,1.709,9.05028,vgg-mrcr,no,normal,water_normal,container_30,constant,,yes,auto,semiconical,plastic_pet,transparent,VID_20240211_204153,"{'diameter_top': 7.5, 'diameter_bottom': 5.0, 'net_height': 8.0}",,,VID_20240411_234213_1.7_9.1,videos/VID_20240411_234213_1.7_9.1.mp4
VID_20240411_234338,1.911,11.32961,vgg-mrcr,no,normal,water_normal,container_30,constant,,yes,auto,semiconical,plastic_pet,transparent,VID_20240211_204153,"{'diameter_top': 7.5, 'diameter_bottom': 5.0, 'net_height': 8.0}",,,VID_20240411_234338_1.9_11.3,videos/VID_20240411_234338_1.9_11.3.mp4
VID_20240411_234400,2.112,9.58659,vgg-mrcr,no,normal,water_normal,container_30,constant,,yes,auto,semiconical,plastic_pet,transparent,VID_20240211_204153,"{'diameter_top': 7.5, 'diameter_bottom': 5.0, 'net_height': 8.0}",,,VID_20240411_234400_2.1_9.6,videos/VID_20240411_234400_2.1_9.6.mp4
VID_20240411_234421,1.978,9.82123,vgg-mrcr,no,normal,water_normal,container_30,constant,,yes,auto,semiconical,plastic_pet,transparent,VID_20240211_204153,"{'diameter_top': 7.5, 'diameter_bottom': 5.0, 'net_height': 8.0}",,,VID_20240411_234421_2.0_9.8,videos/VID_20240411_234421_2.0_9.8.mp4
VID_20240411_234741,1.911,14.64804,vgg-mrcr,no,normal,water_normal,container_31,constant,,yes,auto,semiconical,plastic_pet,transparent,VID_20240211_204307,"{'diameter_top': 9.5, 'diameter_bottom': 6.0, 'net_height': 11.5}",,,VID_20240411_234741_1.9_14.6,videos/VID_20240411_234741_1.9_14.6.mp4
VID_20240411_234808,1.642,15.0838,vgg-mrcr,no,normal,water_normal,container_31,constant,,yes,auto,semiconical,plastic_pet,transparent,VID_20240211_204307,"{'diameter_top': 9.5, 'diameter_bottom': 6.0, 'net_height': 11.5}",,,VID_20240411_234808_1.6_15.1,videos/VID_20240411_234808_1.6_15.1.mp4
VID_20240411_234835,2.648,9.68715,vgg-mrcr,no,normal,water_normal,container_31,constant,,yes,auto,semiconical,plastic_pet,transparent,VID_20240211_204307,"{'diameter_top': 9.5, 'diameter_bottom': 6.0, 'net_height': 11.5}",,,VID_20240411_234835_2.6_9.7,videos/VID_20240411_234835_2.6_9.7.mp4
VID_20240411_234920,1.408,16.42458,vgg-mrcr,no,normal,water_normal,container_31,constant,,yes,auto,semiconical,plastic_pet,transparent,VID_20240211_204307,"{'diameter_top': 9.5, 'diameter_bottom': 6.0, 'net_height': 11.5}",,,VID_20240411_234920_1.4_16.4,videos/VID_20240411_234920_1.4_16.4.mp4
VID_20240411_235045,1.575,14.01117,vgg-mrcr,no,normal,water_normal,container_40,constant,glass of water,yes,auto,semiconical,plastic_pp,transparent,VID_20240331_160952,"{'diameter_top': 7.5, 'diameter_bottom': 5.0, 'net_height': 10.0}",,,VID_20240411_235045_1.6_14.0,videos/VID_20240411_235045_1.6_14.0.mp4
VID_20240411_235109,1.575,10.72626,vgg-mrcr,no,normal,water_normal,container_40,constant,glass of water,yes,auto,semiconical,plastic_pp,transparent,VID_20240331_160952,"{'diameter_top': 7.5, 'diameter_bottom': 5.0, 'net_height': 10.0}",,,VID_20240411_235109_1.6_10.7,videos/VID_20240411_235109_1.6_10.7.mp4
VID_20240411_235132,1.978,11.43017,vgg-mrcr,no,normal,water_normal,container_40,constant,glass of water,yes,auto,semiconical,plastic_pp,transparent,VID_20240331_160952,"{'diameter_top': 7.5, 'diameter_bottom': 5.0, 'net_height': 10.0}",,,VID_20240411_235132_2.0_11.4,videos/VID_20240411_235132_2.0_11.4.mp4
VID_20240411_235214,1.575,15.45251,vgg-mrcr,no,normal,water_normal,container_40,constant,glass of water,yes,auto,semiconical,plastic_pp,transparent,VID_20240331_160952,"{'diameter_top': 7.5, 'diameter_bottom': 5.0, 'net_height': 10.0}",,,VID_20240411_235214_1.6_15.5,videos/VID_20240411_235214_1.6_15.5.mp4
VID_20240411_235239,1.709,10.12291,vgg-mrcr,no,normal,water_normal,container_40,constant,glass of water,yes,auto,semiconical,plastic_pp,transparent,VID_20240331_160952,"{'diameter_top': 7.5, 'diameter_bottom': 5.0, 'net_height': 10.0}",,,VID_20240411_235239_1.7_10.1,videos/VID_20240411_235239_1.7_10.1.mp4
VID_20240412_003540,2.279,9.75419,ws-kitchen,no,normal,water_normal,container_7,constant,,yes,auto,cylindrical,glass,transparent,VID_20240118_192827,"{'diameter_top': 6.5, 'diameter_bottom': 5, 'net_height': 9.5}",,,VID_20240412_003540_2.3_9.8,videos/VID_20240412_003540_2.3_9.8.mp4
VID_20240412_003600,2.816,8.44693,ws-kitchen,no,normal,water_normal,container_7,constant,,yes,auto,cylindrical,glass,transparent,VID_20240118_192827,"{'diameter_top': 6.5, 'diameter_bottom': 5, 'net_height': 9.5}",,,VID_20240412_003600_2.8_8.4,videos/VID_20240412_003600_2.8_8.4.mp4
VID_20240412_003618,1.642,6.06704,ws-kitchen,no,normal,water_normal,container_7,constant,,yes,auto,cylindrical,glass,transparent,VID_20240118_192827,"{'diameter_top': 6.5, 'diameter_bottom': 5, 'net_height': 9.5}",,,VID_20240412_003618_1.6_6.1,videos/VID_20240412_003618_1.6_6.1.mp4
VID_20240412_003650,1.81,8.44693,ws-kitchen,no,normal,water_normal,container_7,constant,,yes,auto,cylindrical,glass,transparent,VID_20240118_192827,"{'diameter_top': 6.5, 'diameter_bottom': 5, 'net_height': 9.5}",,,VID_20240412_003650_1.8_8.4,videos/VID_20240412_003650_1.8_8.4.mp4
VID_20240412_003709,2.233,9.13333,ws-kitchen,no,normal,water_normal,container_7,constant,,yes,auto,cylindrical,glass,transparent,VID_20240118_192827,"{'diameter_top': 6.5, 'diameter_bottom': 5, 'net_height': 9.5}",,,VID_20240412_003709_2.2_9.1,videos/VID_20240412_003709_2.2_9.1.mp4
VID_20240412_004811,2.202,8.3083,ws-kitchen,no,normal,water_hot,container_7,constant,,yes,auto,cylindrical,glass,transparent,VID_20240118_192827,"{'diameter_top': 6.5, 'diameter_bottom': 5, 'net_height': 9.5}",,,VID_20240412_004811_2.2_8.3,videos/VID_20240412_004811_2.2_8.3.mp4
VID_20240412_004828,1.667,7.3,ws-kitchen,no,normal,water_hot,container_7,constant,,yes,auto,cylindrical,glass,transparent,VID_20240118_192827,"{'diameter_top': 6.5, 'diameter_bottom': 5, 'net_height': 9.5}",,,VID_20240412_004828_1.7_7.3,videos/VID_20240412_004828_1.7_7.3.mp4
VID_20240412_004843,2.346,14.37989,ws-kitchen,no,normal,water_hot,container_7,constant,,yes,auto,cylindrical,glass,transparent,VID_20240118_192827,"{'diameter_top': 6.5, 'diameter_bottom': 5, 'net_height': 9.5}",,,VID_20240412_004843_2.3_14.4,videos/VID_20240412_004843_2.3_14.4.mp4
VID_20240412_004907,1.967,7.2,ws-kitchen,no,normal,water_hot,container_7,constant,,yes,auto,cylindrical,glass,transparent,VID_20240118_192827,"{'diameter_top': 6.5, 'diameter_bottom': 5, 'net_height': 9.5}",,,VID_20240412_004907_2.0_7.2,videos/VID_20240412_004907_2.0_7.2.mp4
VID_20240412_004942,2.133,9.1,ws-kitchen,no,normal,water_hot,container_7,constant,,yes,auto,cylindrical,glass,transparent,VID_20240118_192827,"{'diameter_top': 6.5, 'diameter_bottom': 5, 'net_height': 9.5}",,,VID_20240412_004942_2.1_9.1,videos/VID_20240412_004942_2.1_9.1.mp4
VID_20240412_005000,2.0,10.2,ws-kitchen,no,normal,water_hot,container_7,constant,,yes,auto,cylindrical,glass,transparent,VID_20240118_192827,"{'diameter_top': 6.5, 'diameter_bottom': 5, 'net_height': 9.5}",,,VID_20240412_005000_2.0_10.2,videos/VID_20240412_005000_2.0_10.2.mp4
