video_id,start_time,end_time,setting,bg-noise,water_temperature,liquid,container_id,flow_rate_appx,comment,clean,time_annotation_mode
VID_20240116_230040,2.057,16.71059,ws-kitchen,no,normal,water_normal,container_1,constant,,yes,manual
VID_20240118_192657,4.715,11.39809,vgg-coffee,yes,normal,water_normal,container_5,constant,,yes,manual
VID_20240118_221233,1.359,24.27309,ws-kitchen,no,normal,water_normal,container_10,constant,,no,manual
VID_20240116_230132,3.278,18.81476,ws-kitchen,no,normal,water_normal,container_1,constant,,yes,manual
VID_20240118_192737,2.7,12.02309,vgg-coffee,yes,normal,water_normal,container_6,constant,,maybe,manual
VID_20240118_221340,2.455,23.33559,ws-kitchen,no,normal,water_normal,container_11,constant,,maybe,manual
VID_20240118_100817,2.766,23.64809,ws-kitchen,no,normal,water_normal,container_2,constant,,yes,manual
VID_20240118_192827,2.148,12.35642,vgg-coffee,yes,normal,water_normal,container_7,constant,,yes,manual
VID_20240118_221422,2.595,27.42771,ws-kitchen,no,normal,water_normal,container_12,constant,,yes,manual
VID_20240118_192450,3.183,16.60642,vgg-coffee,yes,normal,water_normal,container_3,constant,,yes,manual
VID_20240118_192939,3.137,20.79392,vgg-coffee,yes,normal,water_normal,container_8,constant,,no,manual
VID_20240118_221516,2.311,21.21059,ws-kitchen,no,normal,water_normal,container_13,constant,,yes,manual
VID_20240118_192534,2.12726,9.56476,vgg-coffee,yes,normal,water_normal,container_4,constant,,yes,manual
VID_20240118_193103,2.82,24.58559,vgg-coffee,no,normal,water_normal,container_9,constant,,yes,manual
VID_20240118_221603,2.81,32.93244,ws-kitchen,no,normal,water_normal,container_14,constant,,yes,manual
VID_20240122_000736,2.209,9.23142,ws-kitchen,no,normal,water_normal,container_1,constant,,yes,manual
VID_20240122_000912,1.664,5.41892,ws-kitchen,no,normal,water_normal,container_1,constant,,yes,manual
VID_20240122_000938,2.29,22.37726,ws-kitchen,no,normal,water_normal,container_1,non-constant,,yes,manual
VID_20240122_001023,2.191,5.64809,ws-kitchen,no,normal,water_normal,container_1,constant,,yes,manual
VID_20240122_001042,3.023,14.50226,ws-kitchen,no,normal,water_normal,container_1,constant,,yes,manual
VID_20240122_001417,2.311,15.25226,ws-kitchen,no,normal,water_normal,container_15,constant,,yes,manual
VID_20240131_200157,9.891,25.35642,ws-room,no,normal,water_normal,container_16,constant,,no,manual
VID_20240131_200305,6.637,28.56589,ws-room,no,normal,water_normal,container_17,constant,,yes,manual
VID_20240131_200405,5.607,22.50226,ws-room,no,normal,water_normal,container_18,constant,,yes,manual
VID_20240131_200635,2.861,18.27309,ws-room,no,normal,water_normal,container_18,constant,varying source height,no,manual
VID_20240131_201458,3.659,24.39809,ws-room,no,normal,water_normal,container_18,constant,different source container,yes,manual
VID_20240131_201606,3.247,13.43976,ws-room,no,normal,water_normal,container_1,constant,different source container,maybe,manual
VID_20240201_113742,3.189,33.33785,vgg-coffee,no,normal,water_normal,container_19,constant,,yes,manual
VID_20240211_191844,3.913,18.41892,vgg-mrcr,no,normal,water_normal,container_20,constant,,yes,manual
VID_20240211_191942,2.454,12.64809,vgg-mrcr,no,normal,water_normal,container_20,constant,,yes,manual
VID_20240211_192021,2.541,12.54392,vgg-mrcr,no,normal,water_normal,container_20,constant,,yes,manual
VID_20240211_192101,2.4,13.50226,vgg-mrcr,no,normal,water_normal,container_21,constant,,yes,manual
VID_20240211_192136,2.309,13.64809,vgg-mrcr,no,normal,water_normal,container_21,constant,,yes,manual
VID_20240211_192206,2.026,11.35642,vgg-mrcr,no,normal,water_normal,container_21,constant,,yes,manual
VID_20240211_192236,2.54392,13.37726,vgg-mrcr,no,normal,water_normal,container_21,constant,,yes,manual
VID_20240211_192312,1.851,8.87726,vgg-mrcr,no,normal,water_normal,container_22,constant,,yes,manual
VID_20240211_192339,1.761,12.77309,vgg-mrcr,no,normal,water_normal,container_22,constant,,yes,manual
VID_20240211_192409,2.063,14.35642,vgg-mrcr,no,normal,water_normal,container_22,constant,,yes,manual
VID_20240211_192441,2.079,15.35642,vgg-mrcr,no,normal,water_normal,container_22,constant,,yes,manual
VID_20240211_192516,2.391,12.83559,vgg-mrcr,no,normal,water_normal,container_3,constant,,yes,manual
VID_20240211_192544,2.324,13.85642,vgg-mrcr,no,normal,water_normal,container_3,constant,,yes,manual
VID_20240211_192614,2.267,14.10642,vgg-mrcr,no,normal,water_normal,container_3,constant,interruption in flow,yes,manual
VID_20240211_192642,1.876,9.75226,vgg-mrcr,no,normal,water_normal,container_3,constant,,yes,manual
VID_20240211_192710,2.145,9.89809,vgg-mrcr,no,normal,water_normal,container_6,constant,,yes,manual
VID_20240211_192734,4.329,17.50226,vgg-mrcr,no,normal,water_normal,container_6,constant,,yes,manual
VID_20240211_192808,2.679,10.73142,vgg-mrcr,no,normal,water_normal,container_6,constant,,yes,manual
VID_20240211_192841,2.18,20.21059,vgg-mrcr,no,normal,water_normal,container_23,constant,not entirely full,yes,manual
VID_20240211_192925,2.342,19.27309,vgg-mrcr,no,normal,water_normal,container_23,constant,not entirely full,yes,manual
VID_20240211_193002,2.688,24.50226,vgg-mrcr,no,normal,water_normal,container_23,constant,not entirely full,yes,manual
VID_20240211_193048,2.756,18.98142,vgg-mrcr,no,normal,water_normal,container_24,constant,,yes,manual
VID_20240211_193123,3.014,18.77309,vgg-mrcr,no,normal,water_normal,container_24,constant,,yes,manual
VID_20240211_193158,3.69,24.64809,vgg-mrcr,no,normal,water_normal,container_24,constant,,yes,manual
VID_20240211_193244,2.592,11.87726,vgg-mrcr,no,normal,water_normal,container_7,constant,,yes,manual
VID_20240211_193309,2.835,11.27309,vgg-mrcr,no,normal,water_normal,container_7,constant,,yes,manual
VID_20240211_193333,3.355,16.79392,vgg-mrcr,no,normal,water_normal,container_7,constant,,yes,manual
VID_20240211_193410,3.071,11.91892,vgg-mrcr,no,normal,water_normal,container_25,constant,,yes,manual
VID_20240211_193436,2.041,6.31476,vgg-mrcr,no,normal,water_normal,container_25,constant,,yes,manual
VID_20240211_193454,2.93,11.04392,vgg-mrcr,no,normal,water_normal,container_25,constant,,yes,manual
VID_20240211_193519,3.286,12.48142,vgg-mrcr,no,normal,water_normal,container_25,constant,,yes,manual
VID_20240211_193558,5.275,23.66892,vgg-mrcr,no,normal,water_normal,container_26,constant,,yes,manual
VID_20240211_193633,3.366,13.41892,vgg-mrcr,no,normal,water_normal,container_26,constant,,yes,manual
VID_20240211_193658,2.859,13.79392,vgg-mrcr,no,normal,water_normal,container_26,constant,,yes,manual
VID_20240211_203739,1.921,15.71059,ws-kitchen,no,normal,water_normal,container_27,constant,,yes,manual
VID_20240211_203812,2.391,16.54392,ws-kitchen,no,normal,water_normal,container_27,constant,,yes,manual
VID_20240211_203846,2.243,14.00226,ws-kitchen,no,normal,water_normal,container_27,constant,,yes,manual
VID_20240211_203920,2.375,12.27309,ws-kitchen,no,normal,water_normal,container_28,constant,,yes,manual
VID_20240211_203945,2.316,13.27309,ws-kitchen,no,normal,water_normal,container_28,constant,,yes,manual
VID_20240211_204013,2.711,16.39809,ws-kitchen,no,normal,water_normal,container_28,constant,,yes,manual
VID_20240211_204048,2.18,11.66892,ws-kitchen,no,normal,water_normal,container_29,constant,,no,manual
VID_20240211_204115,2.575,15.04392,ws-kitchen,no,normal,water_normal,container_29,constant,,no,manual
VID_20240211_204153,2.763,10.50226,ws-kitchen,no,normal,water_normal,container_30,constant,,yes,manual
VID_20240211_204218,2.826,11.46059,ws-kitchen,no,normal,water_normal,container_30,constant,,yes,manual
VID_20240211_204242,2.321,11.77309,ws-kitchen,no,normal,water_normal,container_30,constant,,yes,manual
VID_20240211_204307,1.916,15.89809,ws-kitchen,no,normal,water_normal,container_31,constant,,yes,manual
VID_20240211_204339,3.263,16.96059,ws-kitchen,no,normal,water_normal,container_31,constant,,yes,manual
VID_20240211_204413,3.654,26.28464,ws-kitchen,no,normal,water_normal,container_31,constant,,yes,manual
VID_20240211_204459,2.407,10.16892,ws-kitchen,no,normal,water_normal,container_18,constant,,yes,manual
VID_20240211_204526,2.571,13.29392,ws-kitchen,no,normal,water_normal,container_18,constant,,yes,manual
VID_20240211_204553,3.42,19.23142,ws-kitchen,no,normal,water_normal,container_18,constant,,yes,manual
VID_20240211_204627,3.104,11.91892,ws-kitchen,no,normal,water_normal,container_18,constant,,yes,manual
VID_20240221_005847,3.533,31.18244,ws-kitchen,no,normal,water_normal,container_32,constant,,yes,manual
VID_20240221_005943,2.885,25.45271,ws-kitchen,no,normal,water_normal,container_32,constant,,yes,manual
VID_20240221_010102,4.182,20.37726,ws-kitchen,no,normal,water_normal,container_32,constant,,yes,manual
VID_20240221_010206,3.926,30.69427,ws-kitchen,no,normal,water_normal,container_32,constant,,yes,manual
VID_20240221_010303,2.793,26.12839,ws-kitchen,no,normal,water_normal,container_32,constant,,yes,manual
VID_20240221_010407,4.045,9.62726,ws-kitchen,no,normal,water_normal,container_33,constant,,yes,manual
VID_20240221_010605,4.167,9.25226,ws-kitchen,no,normal,water_normal,container_33,constant,,yes,manual
VID_20240221_010631,4.144,10.27309,ws-kitchen,no,normal,water_normal,container_33,constant,,yes,manual
VID_20240221_010655,3.837,7.93976,ws-kitchen,no,normal,water_normal,container_33,constant,,yes,manual
VID_20240221_010717,3.313,9.35642,ws-kitchen,no,normal,water_normal,container_33,constant,,yes,manual
VID_20240221_010753,4.75,11.79392,ws-kitchen,no,normal,water_normal,container_34,constant,,yes,manual
VID_20240221_010829,4.044,10.68976,ws-kitchen,no,normal,water_normal,container_34,constant,,yes,manual
VID_20240221_010858,3.808,9.91892,ws-kitchen,no,normal,water_normal,container_34,constant,,yes,manual
VID_20240221_010924,3.57,9.25226,ws-kitchen,no,normal,water_normal,container_34,constant,,yes,manual
VID_20240221_011011,3.21,19.96059,ws-kitchen,no,normal,water_normal,container_35,constant,,maybe,manual
VID_20240221_011057,3.534,16.81476,ws-kitchen,no,normal,water_normal,container_35,constant,,yes,manual
VID_20240221_011131,3.259,16.21059,ws-kitchen,no,normal,water_normal,container_35,constant,,yes,manual
VID_20240221_011204,3.311,11.54392,ws-kitchen,no,normal,water_normal,container_35,constant,,yes,manual
VID_20240221_011229,3.734,15.71059,ws-kitchen,no,normal,water_normal,container_35,constant,,yes,manual
VID_20240221_011257,2.631,13.31476,ws-kitchen,no,normal,water_normal,container_35,constant,recording error unclear audio,no,manual
VID_20240322_235502,2.075,13.85642,ws-kitchen,no,normal,water_normal,container_1,TODO,,yes,manual
VID_20240322_235540,2.858,10.93976,ws-kitchen,no,normal,water_normal,container_1,TODO,,yes,manual
VID_20240322_235610,1.635,10.73142,ws-kitchen,no,normal,water_normal,container_1,TODO,,yes,manual
VID_20240322_235641,1.873,20.56476,ws-kitchen,no,normal,water_normal,container_1,TODO,,yes,manual
VID_20240322_235716,2.376,12.75226,ws-kitchen,no,normal,water_normal,container_1,TODO,,yes,manual
VID_20240322_235747,2.115,13.25226,ws-kitchen,no,normal,water_normal,container_1,TODO,,yes,manual
VID_20240322_235817,3.143,27.21285,ws-kitchen,no,normal,water_normal,container_1,TODO,,yes,manual
VID_20240322_235859,2.19,9.93976,ws-kitchen,no,normal,water_normal,container_1,TODO,,yes,manual
VID_20240322_235925,2.487,17.12726,ws-kitchen,no,normal,water_normal,container_1,TODO,,yes,manual
VID_20240323_000000,1.60642,9.56476,ws-kitchen,no,normal,water_normal,container_1,TODO,,yes,manual
VID_20240323_000239,3.614,20.31476,ws-kitchen,no,hot,water_hot,container_1,TODO,,yes,manual
VID_20240323_000316,2.175,20.58559,ws-kitchen,no,hot,water_hot,container_1,TODO,,yes,manual
VID_20240323_000351,1.764,14.79392,ws-kitchen,no,hot,water_hot,container_1,TODO,,yes,manual
VID_20240323_000608,2.434,22.73142,ws-kitchen,no,hot,water_hot,container_1,TODO,,yes,manual
VID_20240323_000704,2.039,11.64809,ws-kitchen,no,hot,water_hot,container_1,TODO,,yes,manual
VID_20240323_000731,2.381,17.98142,ws-kitchen,no,hot,water_hot,container_1,TODO,,yes,manual
VID_20240323_000805,1.625,15.37726,ws-kitchen,no,hot,water_hot,container_1,TODO,,yes,manual
VID_20240323_000837,1.357,17.73142,ws-kitchen,no,hot,water_hot,container_1,TODO,,yes,manual
VID_20240323_000928,2.434,20.18976,ws-kitchen,no,hot,water_hot,container_1,TODO,,yes,manual
VID_20240323_001009,1.866,10.89809,ws-kitchen,no,hot,water_hot,container_1,TODO,,yes,manual
VID_20240323_001039,2.569,17.60642,ws-kitchen,no,hot,water_hot,container_1,TODO,,yes,manual
VID_20240323_001139,4.573,16.85642,ws-kitchen,no,hot,water_hot,container_1,constant,different source container,yes,manual
VID_20240323_001223,2.361,14.91892,ws-kitchen,no,hot,water_hot,container_1,constant,different source container,yes,manual
VID_20240323_001314,3.133,20.06476,ws-kitchen,no,hot,water_hot,container_1,constant,different source container,yes,manual
VID_20240323_001443,1.879,12.16892,ws-kitchen,no,normal,water_normal,container_36,constant,not fully filled,yes,manual
VID_20240323_001512,2.089,15.10642,ws-kitchen,no,normal,water_normal,container_36,constant,not fully filled,yes,manual
VID_20240323_001546,2.06,18.98142,ws-kitchen,no,normal,water_normal,container_36,constant,not fully filled,yes,manual
VID_20240323_001648,4.333,22.41892,ws-kitchen,no,hot,water_hot,container_36,constant,not fully filled and different source container,yes,manual
VID_20240323_001745,4.19,27.455,ws-kitchen,no,hot,water_hot,container_36,constant,not fully filled and different source container,yes,manual
VID_20240323_001933,6.691,23.79392,ws-kitchen,no,hot,water_hot,container_37,constant,,yes,manual
VID_20240323_002013,2.772,16.33559,ws-kitchen,no,hot,water_hot,container_37,constant,,yes,manual
VID_20240323_002044,1.612,8.87726,ws-kitchen,no,hot,water_hot,container_37,constant,,yes,manual
VID_20240323_002126,2.084,9.46059,ws-kitchen,no,hot,water_hot,container_39,constant,,yes,manual
VID_20240323_002149,2.071,9.33559,ws-kitchen,no,hot,water_hot,container_39,constant,,yes,manual
VID_20240323_002211,1.849,8.27309,ws-kitchen,no,hot,water_hot,container_39,constant,,yes,manual
VID_20240323_002231,3.224,14.41892,ws-kitchen,no,hot,water_hot,container_39,constant,,yes,manual
VID_20240323_002301,1.817,6.39809,ws-kitchen,no,hot,water_hot,container_39,constant,might be inaudible,yes,manual
VID_20240323_002343,2.23,14.75226,ws-kitchen,no,hot,water_hot,container_37,constant,,yes,manual
VID_20240323_002414,2.822,17.93976,ws-kitchen,no,hot,water_hot,container_37,constant,,yes,manual
VID_20240323_002445,2.73,14.29392,ws-kitchen,no,hot,water_hot,container_37,constant,,yes,manual
VID_20240323_002514,2.096,10.10642,ws-kitchen,no,normal,water_normal,container_39,constant,,yes,manual
VID_20240323_002536,2.564,11.29392,ws-kitchen,no,normal,water_normal,container_39,constant,,yes,manual
VID_20240323_002600,2.436,13.02309,ws-kitchen,no,normal,water_normal,container_39,constant,,yes,manual
VID_20240323_002630,2.495,12.83559,ws-kitchen,no,normal,water_normal,container_39,constant,,yes,manual
VID_20240323_002657,2.013,9.62726,ws-kitchen,no,normal,water_normal,container_39,constant,,yes,manual
VID_20240323_002820,1.802,14.64809,ws-kitchen,no,normal,water_normal,container_38,constant,,yes,manual
VID_20240323_002850,2.994,21.43976,ws-kitchen,no,normal,water_normal,container_38,constant,,yes,manual
VID_20240323_002924,4.363,16.68976,ws-kitchen,no,normal,water_normal,container_38,constant,,yes,manual
VID_20240323_003112,3.85642,14.91892,ws-kitchen,no,hot,water_hot,container_38,constant,,yes,manual
VID_20240323_003156,3.525,18.31476,ws-kitchen,no,hot,water_hot,container_38,constant,,yes,manual
VID_20240323_003232,2.529,14.73142,ws-kitchen,no,hot,water_hot,container_38,constant,,yes,manual
VID_20240323_003309,1.883,10.50226,ws-kitchen,no,hot,water_hot,container_28,constant,,yes,manual
VID_20240323_003336,2.791,12.31476,ws-kitchen,no,hot,water_hot,container_28,constant,,yes,manual
VID_20240323_003404,2.97,13.62726,ws-kitchen,no,hot,water_hot,container_28,constant,,yes,manual
VID_20240323_003435,2.261,10.73142,ws-kitchen,no,hot,water_hot,container_28,constant,,yes,manual
VID_20240323_003501,2.348,13.41892,ws-kitchen,no,hot,water_hot,container_28,constant,,yes,manual
VID_20240323_003528,2.515,16.06476,ws-kitchen,no,hot,water_hot,container_28,constant,,yes,manual
VID_20240331_155052,1.8,20.5,ws-kitchen,no,normal,water_normal,container_38,constant,,yes,auto
VID_20240331_155150,2.078,22.52514,ws-kitchen,no,normal,water_normal,container_38,constant,,yes,auto
VID_20240331_155230,2.38,23.53073,ws-kitchen,no,normal,water_normal,container_38,constant,,yes,auto
VID_20240331_155313,2.112,12.06704,ws-kitchen,no,normal,water_normal,container_38,constant,,yes,auto
VID_20240331_155356,1.743,15.41899,ws-kitchen,no,normal,water_normal,container_38,constant,,yes,auto
VID_20240331_155429,3.419,20.58101,ws-kitchen,no,normal,water_normal,container_38,constant,,yes,auto
VID_20240331_155503,2.078,14.88268,ws-kitchen,no,normal,water_normal,container_38,constant,,yes,auto
VID_20240331_155533,1.777,11.16201,ws-kitchen,no,normal,water_normal,container_38,constant,,yes,auto
VID_20240331_155603,1.81,16.12291,ws-kitchen,no,normal,water_normal,container_38,constant,,yes,auto
VID_20240331_155636,2.581,23.32961,ws-kitchen,no,normal,water_normal,container_38,constant,,yes,auto
VID_20240331_155720,2.48,24.23464,ws-kitchen,no,normal,water_normal,container_38,constant,,yes,auto
VID_20240331_155804,2.0,8.56667,ws-kitchen,no,normal,water_normal,container_38,constant,,yes,auto
VID_20240331_155829,2.567,13.3,ws-kitchen,no,normal,water_normal,container_38,constant,,yes,auto
VID_20240331_155858,2.667,14.5,ws-kitchen,no,normal,water_normal,container_38,constant,,yes,auto
VID_20240331_155929,2.867,17.2,ws-kitchen,no,normal,water_normal,container_38,constant,,yes,auto
VID_20240331_160001,2.112,19.74302,ws-kitchen,no,normal,water_normal,container_38,constant,,yes,auto
VID_20240331_160036,1.609,9.2514,ws-kitchen,no,normal,water_normal,container_38,constant,,yes,auto
VID_20240331_160103,1.978,15.38547,ws-kitchen,no,normal,water_normal,container_37,constant,,yes,auto
VID_20240331_160138,2.011,11.8324,ws-kitchen,no,normal,water_normal,container_37,constant,,yes,auto
VID_20240331_160211,4.033,20.4,ws-kitchen,no,normal,water_normal,container_37,constant,,yes,auto
VID_20240331_160250,2.011,9.2514,ws-kitchen,no,normal,water_normal,container_37,constant,,yes,auto
VID_20240331_160314,2.011,10.72626,ws-kitchen,no,normal,water_normal,container_37,constant,,yes,auto
VID_20240331_160356,2.883,13.30726,ws-kitchen,no,normal,water_normal,container_37,constant,,yes,auto
VID_20240331_160443,2.883,15.28492,ws-kitchen,no,normal,water_normal,container_37,constant,,yes,auto
VID_20240331_160531,2.682,19.7095,ws-kitchen,no,normal,water_normal,container_37,constant,,yes,auto
VID_20240331_160608,2.816,15.35196,ws-kitchen,no,normal,water_normal,container_37,constant,,yes,auto
VID_20240331_160639,2.246,12.56983,ws-kitchen,no,normal,water_normal,container_37,constant,,yes,auto
VID_20240331_160708,4.827,19.10615,ws-kitchen,no,normal,water_normal,container_37,constant,,yes,auto
VID_20240331_160741,2.4,12.6,ws-kitchen,no,normal,water_normal,container_37,constant,,yes,auto
VID_20240331_160813,2.279,12.10056,ws-kitchen,no,normal,water_normal,container_37,constant,,yes,auto
VID_20240331_160842,2.9,15.1,ws-kitchen,no,normal,water_normal,container_37,constant,,yes,auto
VID_20240331_160912,3.218,10.65922,ws-kitchen,no,normal,water_normal,container_37,constant,,yes,auto
VID_20240331_160952,2.782,12.50279,ws-kitchen,no,normal,water_normal,container_40,constant,,yes,auto
VID_20240331_161019,3.553,16.35754,ws-kitchen,no,normal,water_normal,container_40,constant,,yes,auto
VID_20240331_161049,3.788,11.29609,ws-kitchen,no,normal,water_normal,container_40,constant,,yes,auto
VID_20240331_161115,3.788,10.65922,ws-kitchen,no,normal,water_normal,container_40,constant,,yes,auto
VID_20240331_161142,2.38,9.92179,ws-kitchen,no,normal,water_normal,container_40,constant,,yes,auto
VID_20240331_161206,3.218,13.27374,ws-kitchen,no,normal,water_normal,container_40,constant,,yes,auto
VID_20240331_161233,2.011,7.10615,ws-kitchen,no,normal,water_normal,container_40,constant,,yes,auto
VID_20240331_161252,2.48,11.89944,ws-kitchen,no,normal,water_normal,container_40,constant,,yes,auto
VID_20240331_161321,2.682,11.89944,ws-kitchen,no,normal,water_normal,container_40,constant,,yes,auto
VID_20240331_161347,3.955,11.63128,ws-kitchen,no,normal,water_normal,container_40,constant,,yes,auto
VID_20240331_161413,3.721,15.65363,ws-kitchen,no,normal,water_normal,container_40,constant,,yes,auto
VID_20240331_161441,3.285,11.8324,ws-kitchen,no,normal,water_normal,container_40,constant,,yes,auto
VID_20240331_161513,3.251,9.75419,ws-kitchen,no,normal,water_normal,container_40,constant,,yes,auto
VID_20240331_161536,2.749,11.8324,ws-kitchen,no,normal,water_normal,container_40,constant,,yes,auto
VID_20240331_161602,2.212,8.61453,ws-kitchen,no,normal,water_normal,container_40,constant,,yes,auto
VID_20240331_161622,2.045,7.00559,ws-kitchen,no,normal,water_normal,container_40,constant,,yes,auto
VID_20240331_161640,1.877,8.7486,ws-kitchen,no,normal,water_normal,container_40,constant,,yes,auto
VID_20240331_162312,2.346,17.43017,ws-kitchen,no,normal,water_normal,container_31,constant,,yes,auto
VID_20240331_162413,2.615,18.53631,ws-kitchen,no,normal,water_normal,container_31,constant,,yes,auto
VID_20240331_162446,2.48,20.31285,ws-kitchen,no,normal,water_normal,container_31,constant,,yes,auto
VID_20240331_162526,2.633,9.46667,ws-kitchen,no,normal,water_normal,container_31,constant,,yes,auto
VID_20240331_162550,2.48,13.7095,ws-kitchen,no,normal,water_normal,container_31,constant,,yes,auto
VID_20240331_162617,2.279,15.28492,ws-kitchen,no,normal,water_normal,container_31,constant,,yes,auto
VID_20240331_162648,3.833,18.06667,ws-kitchen,no,normal,water_normal,container_31,constant,,yes,auto
VID_20240331_162720,2.2,11.6,ws-kitchen,no,normal,water_normal,container_31,constant,,yes,auto
VID_20240331_162746,2.078,11.39665,ws-kitchen,no,normal,water_normal,container_31,constant,,yes,auto
VID_20240331_162811,2.0,12.96667,ws-kitchen,no,normal,water_normal,container_31,constant,,yes,auto
VID_20240331_162838,2.011,12.30168,ws-kitchen,no,normal,water_normal,container_31,constant,,yes,auto
VID_20240331_162904,2.615,17.96648,ws-kitchen,no,normal,water_normal,container_31,constant,,yes,auto
VID_20240331_162936,2.246,16.82682,ws-kitchen,no,normal,water_normal,container_31,constant,,yes,auto
VID_20240331_163007,1.777,20.27933,ws-kitchen,no,normal,water_normal,container_31,constant,,yes,auto
VID_20240331_163042,2.078,8.58101,ws-kitchen,no,normal,water_normal,container_31,constant,,yes,auto
VID_20240331_163111,2.011,13.84358,ws-kitchen,no,normal,water_normal,container_41,constant,,yes,auto
VID_20240331_163148,2.4,17.96667,ws-kitchen,no,normal,water_normal,container_41,constant,,yes,auto
VID_20240331_163223,2.0,12.5,ws-kitchen,no,normal,water_normal,container_41,constant,,yes,auto
VID_20240331_163251,2.0,12.63333,ws-kitchen,no,normal,water_normal,container_41,constant,,yes,auto
VID_20240331_163320,2.011,11.8324,ws-kitchen,no,normal,water_normal,container_41,constant,,yes,auto
VID_20240331_163348,1.676,10.49162,ws-kitchen,no,normal,water_normal,container_41,constant,,yes,auto
VID_20240331_163413,2.279,13.34078,ws-kitchen,no,normal,water_normal,container_41,constant,,yes,auto
VID_20240331_163441,2.233,10.5,ws-kitchen,no,normal,water_normal,container_41,constant,,yes,auto
VID_20240331_163513,1.978,11.26257,ws-kitchen,no,normal,water_normal,container_41,constant,,yes,auto
VID_20240331_163613,2.246,12.97207,ws-kitchen,no,normal,water_normal,container_41,constant,,yes,auto
VID_20240331_163641,2.145,14.41341,ws-kitchen,no,normal,water_normal,container_41,constant,,yes,auto
VID_20240331_163711,1.575,11.59777,ws-kitchen,no,normal,water_normal,container_41,constant,,yes,auto
VID_20240331_163743,1.81,11.29609,ws-kitchen,no,normal,water_normal,container_42,constant,,yes,auto
VID_20240331_163814,2.246,13.74302,ws-kitchen,no,normal,water_normal,container_42,constant,,yes,auto
VID_20240331_163842,2.011,12.06704,ws-kitchen,no,normal,water_normal,container_42,constant,,yes,auto
VID_20240331_163907,2.145,13.34078,ws-kitchen,no,normal,water_normal,container_42,constant,,yes,auto
VID_20240331_163938,2.145,16.89385,ws-kitchen,no,normal,water_normal,container_42,constant,,yes,auto
VID_20240331_164009,1.81,11.46369,ws-kitchen,no,normal,water_normal,container_42,constant,,yes,auto
VID_20240331_164033,1.81,10.25698,ws-kitchen,no,normal,water_normal,container_42,constant,,yes,auto
VID_20240331_164056,2.782,8.9162,ws-kitchen,no,normal,water_normal,container_42,constant,,yes,auto
VID_20240331_164118,1.877,10.08939,ws-kitchen,no,normal,water_normal,container_42,constant,,yes,auto
VID_20240331_164142,2.715,11.96648,ws-kitchen,no,normal,water_normal,container_42,constant,,yes,auto
VID_20240331_164208,2.078,8.27933,ws-kitchen,no,normal,water_normal,container_42,constant,,yes,auto
VID_20240331_164231,2.38,11.29609,ws-kitchen,no,normal,water_normal,container_42,constant,,yes,auto
VID_20240331_164340,6.335,21.51955,ws-kitchen,no,normal,water_normal,container_14,constant,,yes,auto
VID_20240331_164417,1.642,11.22905,ws-kitchen,no,normal,water_normal,container_14,constant,,yes,auto
VID_20240331_164446,2.246,12.56983,ws-kitchen,no,normal,water_normal,container_14,constant,,yes,auto
VID_20240331_164511,1.4,8.0,ws-kitchen,no,normal,water_normal,container_14,constant,,yes,auto
VID_20240331_164530,2.867,16.43333,ws-kitchen,no,normal,water_normal,container_14,constant,,yes,auto
VID_20240331_164600,3.267,13.13333,ws-kitchen,no,normal,water_normal,container_14,constant,,yes,auto
VID_20240331_164624,1.642,12.13408,ws-kitchen,no,normal,water_normal,container_14,constant,,yes,auto
VID_20240331_170520,1.967,8.3,ws-kitchen,no,normal,water_normal,container_30,constant,,yes,auto
VID_20240331_170543,2.067,8.53333,ws-kitchen,no,normal,water_normal,container_30,constant,,yes,auto
VID_20240331_170603,2.333,8.26667,ws-kitchen,no,normal,water_normal,container_30,constant,,yes,auto
VID_20240331_170638,3.318,11.06145,ws-kitchen,no,normal,water_normal,container_30,constant,,yes,auto
VID_20240331_170700,2.145,8.7486,ws-kitchen,no,normal,water_normal,container_30,constant,,yes,auto
VID_20240331_170718,2.447,8.7486,ws-kitchen,no,normal,water_normal,container_30,constant,,yes,auto
VID_20240331_170738,3.788,11.53073,ws-kitchen,no,normal,water_normal,container_30,constant,,yes,auto
VID_20240331_170800,2.413,7.57542,ws-kitchen,no,normal,water_normal,container_30,constant,,yes,auto
VID_20240331_170822,2.514,9.18436,ws-kitchen,no,normal,water_normal,container_43,constant,,yes,auto
VID_20240331_170842,2.883,9.2514,ws-kitchen,no,normal,water_normal,container_43,constant,,yes,auto
VID_20240331_170900,2.145,6.97207,ws-kitchen,no,normal,water_normal,container_43,constant,,yes,auto
VID_20240331_170917,2.447,9.2514,ws-kitchen,no,normal,water_normal,container_43,constant,,yes,auto
VID_20240331_170937,2.447,9.45251,ws-kitchen,no,normal,water_normal,container_43,constant,,yes,auto
VID_20240331_170958,2.782,8.34637,ws-kitchen,no,normal,water_normal,container_43,constant,,yes,auto
VID_20240331_171017,2.078,9.88827,ws-kitchen,no,normal,water_normal,container_43,constant,,yes,auto
VID_20240331_171037,1.833,7.63333,ws-kitchen,no,normal,water_normal,container_43,constant,,yes,auto
VID_20240403_232034,1.433,21.46667,ws-kitchen,no,normal,water_normal,container_12,constant,,yes,auto
VID_20240403_232224,2.883,15.45251,ws-kitchen,no,normal,water_normal,container_12,constant,,yes,auto
VID_20240403_232317,2.447,14.51397,ws-kitchen,no,normal,water_normal,container_12,constant,,yes,auto
VID_20240403_232404,3.433,16.63333,ws-kitchen,no,normal,water_normal,container_12,constant,,yes,auto
VID_20240403_232438,3.967,14.8,ws-kitchen,no,normal,water_normal,container_12,constant,,yes,auto
VID_20240403_232507,3.8,20.46667,ws-kitchen,no,normal,water_normal,container_12,constant,,yes,auto
VID_20240403_232546,2.682,17.16201,ws-kitchen,no,normal,water_normal,container_12,constant,,yes,auto
VID_20240403_232629,3.184,20.51397,ws-kitchen,no,normal,water_normal,container_12,constant,,yes,auto
VID_20240403_232709,1.978,13.27374,ws-kitchen,no,normal,water_normal,container_12,constant,,yes,auto
VID_20240403_232803,3.0,14.83333,ws-kitchen,no,normal,water_normal,container_45,constant,,yes,auto
VID_20240403_232830,2.413,13.50838,ws-kitchen,no,normal,water_normal,container_45,constant,,yes,auto
VID_20240403_232857,2.983,15.35196,ws-kitchen,no,normal,water_normal,container_45,constant,,yes,auto
VID_20240403_232928,2.715,17.79888,ws-kitchen,no,normal,water_normal,container_45,constant,,yes,auto
VID_20240403_233002,2.279,13.7095,ws-kitchen,no,normal,water_normal,container_45,constant,,yes,auto
VID_20240403_233040,3.52,17.73184,ws-kitchen,no,normal,water_normal,container_45,constant,,yes,auto
VID_20240403_233115,2.078,12.77095,ws-kitchen,no,normal,water_normal,container_45,constant,,yes,auto
VID_20240403_233144,2.011,14.78212,ws-kitchen,no,normal,water_normal,container_45,constant,,yes,auto
VID_20240403_233215,2.682,12.73743,ws-kitchen,no,normal,water_normal,container_45,constant,,yes,auto
VID_20240403_233242,1.777,12.60335,ws-kitchen,no,normal,water_normal,container_45,constant,,yes,auto
VID_20240403_233308,2.346,14.71508,ws-kitchen,no,normal,water_normal,container_45,constant,,yes,auto
VID_20240403_233343,1.867,12.53333,ws-kitchen,no,normal,water_normal,container_42,constant,,yes,auto
VID_20240403_233407,1.933,13.7,ws-kitchen,no,normal,water_normal,container_42,constant,,yes,auto
VID_20240403_233435,2.533,12.8,ws-kitchen,no,normal,water_normal,container_42,constant,,yes,auto
VID_20240403_233459,2.011,7.34078,ws-kitchen,no,normal,water_normal,container_42,constant,,yes,auto
VID_20240403_233518,2.433,12.63333,ws-kitchen,no,normal,water_normal,container_42,constant,,yes,auto
VID_20240403_233543,2.167,14.43333,ws-kitchen,no,normal,water_normal,container_42,constant,,yes,auto
VID_20240403_233626,3.587,16.08939,ws-kitchen,no,normal,water_normal,container_42,constant,,yes,auto
VID_20240403_233654,2.514,12.46927,ws-kitchen,no,normal,water_normal,container_42,constant,,yes,auto
VID_20240403_233718,2.313,13.27374,ws-kitchen,no,normal,water_normal,container_42,constant,,yes,auto
VID_20240403_233746,2.749,13.47486,ws-kitchen,no,normal,water_normal,container_42,constant,,yes,auto
VID_20240403_233811,2.581,9.28492,ws-kitchen,no,normal,water_normal,container_42,constant,,yes,auto
VID_20240403_233906,3.251,11.32961,ws-kitchen,no,normal,water_normal,container_34,constant,,yes,auto
VID_20240403_233935,3.888,12.70391,ws-kitchen,no,normal,water_normal,container_34,constant,,yes,auto
VID_20240403_234002,3.251,12.83799,ws-kitchen,no,normal,water_normal,container_34,constant,,yes,auto
VID_20240403_234028,2.48,11.46369,ws-kitchen,no,normal,water_normal,container_34,constant,,yes,auto
VID_20240403_234052,2.38,9.35196,ws-kitchen,no,normal,water_normal,container_34,constant,,yes,auto
VID_20240403_234138,2.045,7.13966,ws-kitchen,no,normal,water_normal,container_34,constant,,yes,auto
VID_20240403_234203,3.218,11.39665,ws-kitchen,no,normal,water_normal,container_34,constant,,yes,auto
VID_20240403_234231,2.581,8.17877,ws-kitchen,no,normal,water_normal,container_34,constant,,yes,auto
VID_20240403_234250,3.52,12.80447,ws-kitchen,no,normal,water_normal,container_34,constant,,yes,auto
VID_20240403_234315,3.654,12.26816,ws-kitchen,no,normal,water_normal,container_34,constant,,yes,auto
VID_20240403_234359,3.86,9.14809,ws-kitchen,no,normal,water_normal,container_33,constant,,yes,auto
VID_20240403_234419,3.017,9.55307,ws-kitchen,no,normal,water_normal,container_33,constant,,yes,auto
VID_20240403_234439,3.232,9.54392,ws-kitchen,no,normal,water_normal,container_33,constant,,yes,auto
VID_20240403_234459,3.855,9.75419,ws-kitchen,no,normal,water_normal,container_33,constant,,yes,auto
VID_20240403_234528,2.682,6.67039,ws-kitchen,no,normal,water_normal,container_33,constant,,yes,auto
VID_20240403_234546,2.916,8.14525,ws-kitchen,no,normal,water_normal,container_33,constant,,yes,auto
VID_20240403_234656,2.916,26.84916,ws-kitchen,no,normal,water_normal,container_32,constant,,yes,auto
VID_20240403_234741,2.447,23.26257,ws-kitchen,no,normal,water_normal,container_32,constant,,yes,auto
VID_20240403_234822,2.011,19.5419,ws-kitchen,no,normal,water_normal,container_32,constant,,yes,auto
VID_20240403_234859,2.533,15.6,ws-kitchen,no,normal,water_normal,container_32,constant,,yes,auto
VID_20240403_234945,2.246,16.89385,ws-kitchen,no,normal,water_normal,container_32,constant,,yes,auto
VID_20240403_235048,1.911,18.10056,ws-kitchen,no,normal,water_normal,container_44,constant,,yes,auto
VID_20240403_235128,2.514,16.18994,ws-kitchen,no,normal,water_normal,container_44,constant,,yes,auto
VID_20240403_235204,2.782,19.84358,ws-kitchen,no,normal,water_normal,container_44,constant,,yes,auto
VID_20240403_235242,2.782,18.10056,ws-kitchen,no,normal,water_normal,container_44,constant,,yes,auto
VID_20240403_235445,2.733,14.53333,ws-kitchen,no,normal,water_normal,container_18,constant,,yes,auto
VID_20240403_235516,2.648,12.87151,ws-kitchen,no,normal,water_normal,container_18,constant,,yes,auto
VID_20240403_235542,2.246,9.41899,ws-kitchen,no,normal,water_normal,container_18,constant,,yes,auto
VID_20240403_235606,2.916,13.67598,ws-kitchen,no,normal,water_normal,container_18,constant,,yes,auto
VID_20240403_235633,2.95,11.29609,ws-kitchen,no,normal,water_normal,container_18,constant,,yes,auto
VID_20240403_235712,2.279,11.26257,ws-kitchen,no,normal,water_normal,container_18,constant,,yes,auto
VID_20240403_235735,2.816,12.3352,ws-kitchen,no,normal,water_normal,container_18,constant,,yes,auto
VID_20240403_235800,2.413,8.14525,ws-kitchen,no,normal,water_normal,container_18,constant,,yes,auto
VID_20240403_235819,2.413,11.36313,ws-kitchen,no,normal,water_normal,container_18,constant,,yes,auto
VID_20240403_235850,1.911,11.6648,ws-kitchen,no,normal,water_normal,container_18,constant,,yes,auto
VID_20240403_235940,2.393,19.31476,ws-kitchen,no,normal,water_normal,container_26,constant,,yes,auto
VID_20240404_000020,3.015,16.60642,ws-kitchen,no,normal,water_normal,container_26,constant,,yes,auto
VID_20240404_000056,2.28,17.14809,ws-kitchen,no,normal,water_normal,container_26,constant,,yes,auto
VID_20240404_000120,2.067,17.03333,ws-kitchen,no,normal,water_normal,container_32,constant,,yes,auto
VID_20240404_000143,2.6,17.2,ws-kitchen,no,normal,water_normal,container_26,constant,,yes,auto
VID_20240404_000206,2.6,18.16667,ws-kitchen,no,normal,water_normal,container_32,constant,,yes,auto
VID_20240405_212322,2.279,9.82123,vgg-mrcr,no,normal,water_normal,container_7,constant,,yes,auto
VID_20240405_212400,1.944,10.92737,vgg-mrcr,no,normal,water_normal,container_7,constant,,yes,auto
VID_20240405_212423,1.709,10.7933,vgg-mrcr,no,normal,water_normal,container_7,constant,,yes,auto
VID_20240405_212445,4.391,11.29609,vgg-mrcr,no,normal,water_normal,container_7,constant,,yes,auto
VID_20240405_212508,2.145,8.9162,vgg-mrcr,no,normal,water_normal,container_7,constant,,yes,auto
VID_20240405_212527,1.844,7.87709,vgg-mrcr,no,normal,water_normal,container_7,constant,,yes,auto
VID_20240405_212545,1.676,8.07821,vgg-mrcr,no,normal,water_normal,container_7,constant,,yes,auto
VID_20240405_212615,2.346,9.0838,vgg-mrcr,no,normal,water_normal,container_7,constant,,yes,auto
VID_20240405_212635,2.011,7.97765,vgg-mrcr,no,normal,water_normal,container_7,constant,,yes,auto
VID_20240405_212654,2.011,8.04469,vgg-mrcr,no,normal,water_normal,container_7,constant,,yes,auto
VID_20240405_212712,2.011,7.50838,vgg-mrcr,no,normal,water_normal,container_7,constant,,yes,auto
VID_20240405_212729,1.81,9.51955,vgg-mrcr,no,normal,water_normal,container_7,constant,,yes,auto
VID_20240405_212748,1.844,6.83799,vgg-mrcr,no,normal,water_normal,container_7,constant,,yes,auto
VID_20240405_212809,1.743,10.39106,vgg-mrcr,no,normal,water_normal,container_6,constant,,yes,auto
VID_20240405_212832,2.145,7.7095,vgg-mrcr,no,normal,water_normal,container_6,constant,,yes,auto
VID_20240405_212850,1.877,9.21788,vgg-mrcr,no,normal,water_normal,container_6,constant,,yes,auto
VID_20240405_212914,2.233,9.43333,vgg-mrcr,no,normal,water_normal,container_6,constant,,yes,auto
VID_20240405_212935,2.733,8.83333,vgg-mrcr,no,normal,water_normal,container_6,constant,,yes,auto
VID_20240405_213021,2.346,7.24022,vgg-mrcr,no,normal,water_normal,container_6,constant,,yes,auto
VID_20240405_213041,2.313,11.22905,vgg-mrcr,no,normal,water_normal,container_6,constant,,yes,auto
VID_20240405_213104,1.877,9.01676,vgg-mrcr,no,normal,water_normal,container_6,constant,,yes,auto
VID_20240405_213124,1.642,8.7486,vgg-mrcr,no,normal,water_normal,container_6,constant,,yes,auto
VID_20240405_213144,1.978,9.45251,vgg-mrcr,no,normal,water_normal,container_6,constant,,yes,auto
VID_20240405_213223,2.212,9.28492,vgg-mrcr,no,normal,water_normal,container_20,constant,,yes,auto
VID_20240405_213246,2.145,16.42458,vgg-mrcr,no,normal,water_normal,container_20,constant,,yes,auto
VID_20240405_213316,1.911,9.41899,vgg-mrcr,no,normal,water_normal,container_20,constant,,yes,auto
VID_20240405_213412,1.609,10.15642,vgg-mrcr,no,normal,water_normal,container_20,constant,,yes,auto
VID_20240405_213444,2.615,10.42458,vgg-mrcr,no,normal,water_normal,container_20,constant,,yes,auto
VID_20240405_213507,1.743,9.82123,vgg-mrcr,no,normal,water_normal,container_20,constant,,yes,auto
VID_20240405_213530,1.676,7.81006,vgg-mrcr,no,normal,water_normal,container_20,constant,,yes,auto
VID_20240405_213555,2.38,9.48603,vgg-mrcr,no,normal,water_normal,container_20,constant,,yes,auto
VID_20240405_213617,1.609,9.88827,vgg-mrcr,no,normal,water_normal,container_20,constant,,yes,auto
VID_20240405_213640,1.911,10.52514,vgg-mrcr,no,normal,water_normal,container_20,constant,,yes,auto
VID_20240405_213702,1.743,9.65363,vgg-mrcr,no,normal,water_normal,container_20,constant,,yes,auto
VID_20240405_213724,1.978,7.7095,vgg-mrcr,no,normal,water_normal,container_20,constant,,yes,auto
VID_20240405_213746,1.978,9.35196,vgg-mrcr,no,normal,water_normal,container_21,constant,,yes,auto
VID_20240405_213807,1.81,10.59218,vgg-mrcr,no,normal,water_normal,container_21,constant,,yes,auto
VID_20240405_213830,2.112,10.75978,vgg-mrcr,no,normal,water_normal,container_21,constant,,yes,auto
VID_20240405_213854,2.067,7.8,vgg-mrcr,no,normal,water_normal,container_21,constant,,yes,auto
VID_20240405_213921,2.246,11.29609,vgg-mrcr,no,normal,water_normal,container_21,constant,,yes,auto
VID_20240405_213945,1.944,9.72067,vgg-mrcr,no,normal,water_normal,container_21,constant,,yes,auto
VID_20240405_214007,1.911,11.26257,vgg-mrcr,no,normal,water_normal,container_21,constant,,yes,auto
VID_20240405_214031,2.112,8.98324,vgg-mrcr,no,normal,water_normal,container_21,constant,,yes,auto
VID_20240405_214054,2.447,11.36313,vgg-mrcr,no,normal,water_normal,container_21,constant,,yes,auto
VID_20240405_214117,2.167,8.66667,vgg-mrcr,no,normal,water_normal,container_21,constant,,yes,auto
VID_20240405_214157,2.045,8.54749,vgg-mrcr,no,normal,water_normal,container_46,constant,,yes,auto
VID_20240405_214217,1.911,6.83799,vgg-mrcr,no,normal,water_normal,container_46,constant,,yes,auto
VID_20240405_214235,2.313,8.71508,vgg-mrcr,no,normal,water_normal,container_46,constant,,yes,auto
VID_20240405_214255,1.944,7.27374,vgg-mrcr,no,normal,water_normal,container_46,constant,,yes,auto
VID_20240405_214315,2.212,12.40223,vgg-mrcr,no,normal,water_normal,container_46,constant,,yes,auto
VID_20240405_214345,2.682,8.81564,vgg-mrcr,no,normal,water_normal,container_46,constant,,yes,auto
VID_20240405_214404,2.715,8.7486,vgg-mrcr,no,normal,water_normal,container_46,constant,,yes,auto
VID_20240405_214425,2.145,8.14525,vgg-mrcr,no,normal,water_normal,container_46,constant,,yes,auto
VID_20240405_214446,2.547,8.48045,vgg-mrcr,no,normal,water_normal,container_46,constant,,yes,auto
VID_20240405_214506,2.179,7.5419,vgg-mrcr,no,normal,water_normal,container_46,constant,,yes,auto
VID_20240405_214524,2.346,9.18436,vgg-mrcr,no,normal,water_normal,container_46,constant,,yes,auto
VID_20240405_214552,4.01,11.0,vgg-mrcr,no,normal,water_normal,container_47,constant,,yes,auto
VID_20240405_214618,2.933,12.3,vgg-mrcr,no,normal,water_normal,container_47,constant,,yes,auto
VID_20240405_214642,2.267,9.8,vgg-mrcr,no,normal,water_normal,container_47,constant,,yes,auto
VID_20240405_214703,2.267,8.56667,vgg-mrcr,no,normal,water_normal,container_47,constant,,yes,auto
VID_20240405_214723,1.9,8.7,vgg-mrcr,no,normal,water_normal,container_47,constant,,yes,auto
VID_20240405_214743,2.067,9.6,vgg-mrcr,no,normal,water_normal,container_47,constant,,yes,auto
VID_20240405_214804,3.033,10.06667,vgg-mrcr,no,normal,water_normal,container_47,constant,,yes,auto
VID_20240405_214826,3.067,10.53333,vgg-mrcr,no,normal,water_normal,container_47,constant,,yes,auto
VID_20240405_214852,1.743,11.39665,vgg-mrcr,no,normal,water_normal,container_48,constant,,yes,auto
VID_20240405_214917,2.212,10.25698,vgg-mrcr,no,normal,water_normal,container_48,constant,,yes,auto
VID_20240405_214940,2.514,16.75978,vgg-mrcr,no,normal,water_normal,container_48,constant,,yes,auto
VID_20240405_215009,2.212,12.50279,vgg-mrcr,no,normal,water_normal,container_48,constant,,yes,auto
VID_20240405_215035,2.279,12.06704,vgg-mrcr,no,normal,water_normal,container_48,constant,,yes,auto
VID_20240405_215100,1.609,7.10615,vgg-mrcr,no,normal,water_normal,container_48,constant,,yes,auto
VID_20240405_215119,2.011,11.53073,vgg-mrcr,no,normal,water_normal,container_48,constant,,yes,auto
VID_20240405_215144,2.648,13.81006,vgg-mrcr,no,normal,water_normal,container_48,constant,,yes,auto
VID_20240405_215210,2.615,10.42458,vgg-mrcr,no,normal,water_normal,container_48,constant,,yes,auto
VID_20240405_215239,2.267,13.76667,vgg-mrcr,no,normal,water_normal,container_49,constant,,yes,auto
VID_20240405_215307,2.279,12.0,vgg-mrcr,no,normal,water_normal,container_49,constant,,yes,auto
VID_20240405_215330,1.81,8.84916,vgg-mrcr,no,normal,water_normal,container_49,constant,,yes,auto
VID_20240405_215351,2.514,10.25698,vgg-mrcr,no,normal,water_normal,container_49,constant,,yes,auto
VID_20240405_215413,1.589,19.975,vgg-mrcr,no,normal,water_normal,container_49,constant,,yes,auto
VID_20240405_215444,2.067,10.86667,vgg-mrcr,no,normal,water_normal,container_49,constant,,yes,auto
VID_20240405_215508,2.133,8.06667,vgg-mrcr,no,normal,water_normal,container_49,constant,,yes,auto
VID_20240405_215527,1.9,8.6,vgg-mrcr,no,normal,water_normal,container_49,constant,,yes,auto
VID_20240405_215553,2.5,11.66667,vgg-mrcr,no,normal,water_normal,container_50,constant,,yes,auto
VID_20240405_215616,1.944,9.48603,vgg-mrcr,no,normal,water_normal,container_50,constant,,yes,auto
VID_20240405_215638,2.346,10.4581,vgg-mrcr,no,normal,water_normal,container_50,constant,,yes,auto
VID_20240405_215707,2.133,10.6,vgg-mrcr,no,normal,water_normal,container_50,constant,,yes,auto
VID_20240405_215730,1.867,9.43333,vgg-mrcr,no,normal,water_normal,container_50,constant,,yes,auto
VID_20240405_215751,2.1,9.96667,vgg-mrcr,no,normal,water_normal,container_50,constant,,yes,auto
VID_20240405_215811,2.5,11.36667,vgg-mrcr,no,normal,water_normal,container_50,constant,,yes,auto
VID_20240405_215833,2.1,8.8,vgg-mrcr,no,normal,water_normal,container_50,constant,,yes,auto
VID_20240405_215854,2.1,8.5,vgg-mrcr,no,normal,water_normal,container_50,constant,,yes,auto
VID_20240405_215918,1.944,14.27933,vgg-mrcr,no,normal,water_normal,container_51,constant,,yes,auto
VID_20240405_215945,1.944,10.15642,vgg-mrcr,no,normal,water_normal,container_51,constant,,yes,auto
VID_20240405_220007,1.944,11.09497,vgg-mrcr,no,normal,water_normal,container_51,constant,,yes,auto
VID_20240405_220031,2.246,13.67598,vgg-mrcr,no,normal,water_normal,container_51,constant,,yes,auto
VID_20240405_220057,1.575,12.3352,vgg-mrcr,no,normal,water_normal,container_51,constant,,yes,auto
VID_20240405_220143,1.374,7.30726,vgg-mrcr,no,normal,water_normal,container_51,constant,,yes,auto
VID_20240405_220204,1.844,8.21229,vgg-mrcr,no,normal,water_normal,container_51,constant,,yes,auto
VID_20240405_220228,1.844,9.62011,vgg-mrcr,no,normal,water_normal,container_51,constant,,yes,auto
VID_20240405_220318,2.246,6.56983,vgg-mrcr,no,normal,water_normal,container_49,constant,,yes,auto
VID_20240405_220337,2.916,11.39665,vgg-mrcr,no,normal,water_normal,container_49,constant,,yes,auto
VID_20240405_220401,2.38,7.60894,vgg-mrcr,no,normal,water_normal,container_49,constant,,yes,auto
VID_20240405_220421,1.944,6.83799,vgg-mrcr,no,normal,water_normal,container_49,constant,,yes,auto
VID_20240405_220439,2.447,7.97765,vgg-mrcr,no,normal,water_normal,container_49,constant,,yes,auto
VID_20240405_220501,2.48,7.24022,vgg-mrcr,no,normal,water_normal,container_50,constant,,yes,auto
VID_20240405_220520,2.045,7.30726,vgg-mrcr,no,normal,water_normal,container_50,constant,,yes,auto
VID_20240405_220539,2.078,7.13966,vgg-mrcr,no,normal,water_normal,container_50,constant,,yes,auto
VID_20240405_220558,2.112,6.73743,vgg-mrcr,no,normal,water_normal,container_50,constant,,yes,auto
VID_20240405_220616,2.112,6.77095,vgg-mrcr,no,normal,water_normal,container_50,constant,,yes,auto
VID_20240405_220723,3.017,16.89385,vgg-mrcr,no,normal,water_normal,container_19,constant,,yes,auto
VID_20240405_220753,1.877,22.52514,vgg-mrcr,no,normal,water_normal,container_19,constant,,yes,auto
VID_20240405_220829,1.575,13.13966,vgg-mrcr,no,normal,water_normal,container_19,constant,,yes,auto
VID_20240405_220856,1.709,12.87151,vgg-mrcr,no,normal,water_normal,container_19,constant,,yes,auto
VID_20240405_221006,2.112,9.15084,vgg-mrcr,no,hot,water_hot,container_7,constant,,yes,auto
VID_20240405_221025,1.542,7.94413,vgg-mrcr,no,hot,water_hot,container_7,constant,,yes,auto
VID_20240405_221042,2.547,10.99441,vgg-mrcr,no,hot,water_hot,container_7,constant,,yes,auto
VID_20240405_221105,1.408,7.03911,vgg-mrcr,no,hot,water_hot,container_6,constant,,yes,auto
VID_20240405_221122,1.341,6.03352,vgg-mrcr,no,hot,water_hot,container_6,constant,,yes,auto
VID_20240405_221138,1.709,8.17877,vgg-mrcr,no,hot,water_hot,container_6,constant,,yes,auto
VID_20240405_221339,1.933,11.4,vgg-mrcr,no,hot,water_hot,container_21,constant,,yes,auto
VID_20240405_221401,1.733,9.46667,vgg-mrcr,no,hot,water_hot,container_21,constant,,yes,auto
VID_20240405_221420,1.567,8.16667,vgg-mrcr,no,hot,water_hot,container_21,constant,,yes,auto
VID_20240405_221440,1.5,13.1,vgg-mrcr,no,hot,water_hot,container_21,constant,,yes,auto
VID_20240406_234359,3.553,19.77654,ws-kitchen,no,hot,water_hot,container_38,constant,,yes,auto
VID_20240406_234456,2.179,12.23464,ws-kitchen,no,hot,water_hot,container_38,constant,,yes,auto
VID_20240406_234527,2.615,17.32961,ws-kitchen,no,hot,water_hot,container_38,constant,,yes,auto
VID_20240406_234601,2.633,17.93333,ws-kitchen,no,hot,water_hot,container_38,constant,,yes,auto
VID_20240406_234635,1.944,11.53073,ws-kitchen,no,hot,water_hot,container_38,constant,,yes,auto
VID_20240406_234701,2.48,16.89385,ws-kitchen,no,hot,water_hot,container_38,constant,,yes,auto
VID_20240406_234732,2.011,9.68715,ws-kitchen,no,hot,water_hot,container_38,constant,,yes,auto
VID_20240406_234755,1.933,14.46667,ws-kitchen,no,hot,water_hot,container_38,constant,,yes,auto
VID_20240406_234824,2.933,17.6,ws-kitchen,no,hot,water_hot,container_38,constant,,yes,auto
VID_20240406_234857,2.547,14.44693,ws-kitchen,no,hot,water_hot,container_38,constant,,yes,auto
VID_20240406_235023,2.112,18.67039,ws-kitchen,no,hot,water_hot,container_37,constant,,yes,auto
VID_20240406_235112,3.52,17.96648,ws-kitchen,no,hot,water_hot,container_37,constant,,yes,auto
VID_20240406_235155,2.212,10.12291,ws-kitchen,no,hot,water_hot,container_37,constant,,yes,auto
VID_20240406_235220,2.767,14.26667,ws-kitchen,no,hot,water_hot,container_37,constant,,yes,auto
VID_20240406_235254,2.167,15.36667,ws-kitchen,no,hot,water_hot,container_37,constant,,yes,auto
VID_20240406_235332,2.1,14.6,ws-kitchen,no,hot,water_hot,container_37,constant,,yes,auto
VID_20240406_235405,2.816,16.12291,ws-kitchen,no,hot,water_hot,container_37,constant,,yes,auto
VID_20240406_235438,3.1,14.5,ws-kitchen,no,hot,water_hot,container_37,constant,,yes,auto
VID_20240406_235512,1.676,8.78212,ws-kitchen,no,hot,water_hot,container_37,constant,,yes,auto
VID_20240406_235620,3.017,15.05028,ws-kitchen,no,hot,water_hot,container_31,constant,,yes,auto
VID_20240406_235650,3.419,14.68156,ws-kitchen,no,hot,water_hot,container_31,constant,,yes,auto
VID_20240406_235719,2.246,14.78212,ws-kitchen,no,hot,water_hot,container_31,constant,,yes,auto
VID_20240406_235811,2.682,12.60335,ws-kitchen,no,hot,water_hot,container_31,constant,,yes,auto
VID_20240406_235846,1.199,9.93976,ws-kitchen,no,hot,water_hot,container_30,constant,,yes,auto
VID_20240406_235908,4.425,11.56425,ws-kitchen,no,hot,water_hot,container_30,constant,,yes,auto
VID_20240406_235932,3.486,9.82123,ws-kitchen,no,hot,water_hot,container_30,constant,,yes,auto
VID_20240406_235953,1.273,7.39809,ws-kitchen,no,hot,water_hot,container_30,constant,,yes,auto
VID_20240407_000011,3.62,12.46927,ws-kitchen,no,hot,water_hot,container_30,constant,,yes,auto
VID_20240407_000036,1.919,8.18976,ws-kitchen,no,hot,water_hot,container_43,constant,,yes,auto
VID_20240407_000054,1.808,10.48142,ws-kitchen,no,hot,water_hot,container_43,constant,,yes,auto
VID_20240407_000114,2.413,8.21229,ws-kitchen,no,hot,water_hot,container_43,constant,,yes,auto
VID_20240407_000132,1.613,7.75226,ws-kitchen,no,hot,water_hot,container_43,constant,,yes,auto
VID_20240407_000250,2.6,15.66667,ws-kitchen,no,hot,water_hot,container_42,constant,,yes,auto
VID_20240407_000318,1.9,11.13333,ws-kitchen,no,hot,water_hot,container_42,constant,,yes,auto
VID_20240407_000342,2.313,12.63687,ws-kitchen,no,hot,water_hot,container_42,constant,,yes,auto
VID_20240407_000409,3.1,13.23333,ws-kitchen,no,hot,water_hot,container_42,constant,,yes,auto
VID_20240407_000435,2.267,16.9,ws-kitchen,no,hot,water_hot,container_42,constant,,yes,auto
VID_20240407_000506,1.9,10.43333,ws-kitchen,no,hot,water_hot,container_42,constant,,yes,auto
VID_20240407_000532,1.437,13.68976,ws-kitchen,no,hot,water_hot,container_42,constant,,yes,auto
VID_20240407_000559,2.033,11.7,ws-kitchen,no,hot,water_hot,container_45,constant,,yes,auto
VID_20240407_000626,2.246,16.72626,ws-kitchen,no,hot,water_hot,container_45,constant,,yes,auto
VID_20240407_000656,2.267,13.36667,ws-kitchen,no,hot,water_hot,container_45,constant,,yes,auto
VID_20240407_000745,2.212,13.34078,ws-kitchen,no,hot,water_hot,container_45,constant,,yes,auto
VID_20240407_000812,2.246,11.69832,ws-kitchen,no,hot,water_hot,container_45,constant,,yes,auto
VID_20240407_000836,1.944,16.6257,ws-kitchen,no,hot,water_hot,container_45,constant,,yes,auto
VID_20240407_000906,2.402,11.34467,ws-kitchen,no,hot,water_hot,container_42,constant,,yes,auto
VID_20240407_000926,2.2,12.03333,ws-kitchen,no,hot,water_hot,container_42,constant,different source container,yes,auto
VID_20240407_000954,2.507,9.48142,ws-kitchen,no,hot,water_hot,container_42,constant,different source container,yes,auto
VID_20240407_001022,2.112,16.72626,ws-kitchen,no,hot,water_hot,container_38,constant,different source container,yes,auto
VID_20240407_001049,1.81,20.54749,ws-kitchen,no,hot,water_hot,container_38,constant,different source container,yes,auto
VID_20240407_001119,2.313,13.30726,ws-kitchen,no,hot,water_hot,container_38,constant,different source container,yes,auto
VID_20240407_001154,2.447,18.60335,ws-kitchen,no,hot,water_hot,container_37,constant,different source container,yes,auto
VID_20240407_001222,2.48,14.9162,ws-kitchen,no,hot,water_hot,container_37,constant,different source container,yes,auto
VID_20240407_001250,2.816,13.00559,ws-kitchen,no,hot,water_hot,container_37,constant,different source container,yes,auto
VID_20240407_001318,2.749,9.78771,ws-kitchen,no,hot,water_hot,container_30,constant,different source container,yes,auto
VID_20240407_001336,2.447,10.69274,ws-kitchen,no,hot,water_hot,container_30,constant,different source container,yes,auto
VID_20240407_001355,2.581,11.46369,ws-kitchen,no,hot,water_hot,container_30,constant,different source container,yes,auto
VID_20240407_001417,2.547,7.81006,ws-kitchen,no,hot,water_hot,container_43,constant,different source container,yes,auto
VID_20240407_001433,2.979,14.27309,ws-kitchen,no,hot,water_hot,container_43,constant,different source container,yes,auto
VID_20240407_001459,2.011,8.54749,ws-kitchen,no,hot,water_hot,container_43,constant,different source container,yes,auto
VID_20240411_224113,2.139,14.46059,vgg-mrcr,no,normal,water_hot,container_42,constant,,yes,manual
VID_20240411_224142,2.983,13.24022,vgg-mrcr,no,normal,water_hot,container_42,constant,,yes,auto
VID_20240411_224232,1.744,19.50226,vgg-mrcr,no,normal,water_hot,container_42,constant,,yes,manual
VID_20240411_224304,1.542,13.57542,vgg-mrcr,no,normal,water_hot,container_42,constant,,yes,auto
VID_20240411_224328,2.447,11.39665,vgg-mrcr,no,normal,water_hot,container_42,constant,,yes,auto
VID_20240411_224356,2.38,14.58101,vgg-mrcr,no,normal,water_hot,container_38,constant,,yes,auto
VID_20240411_224454,2.633,17.03333,vgg-mrcr,no,normal,water_hot,container_38,constant,,yes,auto
VID_20240411_224527,3.62,14.61453,vgg-mrcr,no,normal,water_hot,container_38,constant,,yes,auto
VID_20240411_224557,1.37726,12.79392,vgg-mrcr,no,normal,water_hot,container_38,constant,,yes,manual
VID_20240411_224622,2.011,11.22905,vgg-mrcr,no,normal,water_hot,container_38,constant,,yes,auto
VID_20240411_224655,2.2,14.26667,vgg-mrcr,no,normal,water_hot,container_38,constant,,yes,auto
VID_20240411_224724,2.246,10.52514,vgg-mrcr,no,normal,water_hot,container_38,constant,,yes,auto
VID_20240411_224751,1.747,14.35642,vgg-mrcr,no,normal,water_hot,container_37,constant,,yes,manual
VID_20240411_224906,2.816,17.49721,vgg-mrcr,no,normal,water_hot,container_37,constant,,yes,auto
VID_20240411_224936,2.615,13.30726,vgg-mrcr,no,normal,water_hot,container_37,constant,,yes,auto
VID_20240411_225003,2.145,11.16201,vgg-mrcr,no,normal,water_hot,container_37,constant,,yes,auto
VID_20240411_225025,2.48,14.48045,vgg-mrcr,no,normal,water_hot,container_37,constant,,yes,auto
VID_20240411_225051,3.05,17.22905,vgg-mrcr,no,normal,water_hot,container_37,constant,,yes,auto
VID_20240411_225119,2.933,11.56667,vgg-mrcr,no,normal,water_hot,container_37,constant,,yes,auto
VID_20240411_225158,1.542,9.72067,vgg-mrcr,no,normal,water_hot,container_30,constant,,yes,auto
VID_20240411_225218,1.702,13.43976,vgg-mrcr,no,normal,water_hot,container_30,constant,,yes,manual
VID_20240411_225242,1.494,9.33559,vgg-mrcr,no,normal,water_hot,container_30,constant,,yes,manual
VID_20240411_225301,1.471,10.56476,vgg-mrcr,no,normal,water_hot,container_30,constant,,yes,manual
VID_20240411_225321,1.37726,7.35642,vgg-mrcr,no,normal,water_hot,container_30,constant,,yes,manual
VID_20240411_225339,1.811,12.16892,vgg-mrcr,no,normal,water_hot,container_30,constant,,yes,manual
VID_20240411_225400,2.028,10.08559,vgg-mrcr,no,normal,water_hot,container_30,constant,,yes,manual
VID_20240411_225601,2.078,16.41892,vgg-mrcr,no,normal,water_hot,container_45,constant,,yes,manual
VID_20240411_225634,1.777,13.56476,vgg-mrcr,no,normal,water_hot,container_45,constant,,yes,manual
VID_20240411_225701,1.386,17.56476,vgg-mrcr,no,normal,water_hot,container_45,constant,,yes,manual
VID_20240411_225732,2.715,14.04469,vgg-mrcr,no,normal,water_hot,container_45,constant,,yes,auto
VID_20240411_225801,1.52,14.64809,vgg-mrcr,no,normal,water_hot,container_45,constant,,yes,manual
VID_20240411_225832,4.391,14.88268,vgg-mrcr,no,normal,water_hot,container_31,constant,,yes,auto
VID_20240411_225857,2.648,11.69832,vgg-mrcr,no,normal,water_hot,container_31,constant,,yes,auto
VID_20240411_225919,1.29,22.48142,vgg-mrcr,no,normal,water_hot,container_31,constant,,yes,manual
VID_20240411_225953,2.615,10.65922,vgg-mrcr,no,normal,water_hot,container_31,constant,,yes,auto
VID_20240411_230015,3.553,14.64804,vgg-mrcr,no,normal,water_hot,container_31,constant,,yes,auto
VID_20240411_230041,2.782,12.36872,vgg-mrcr,no,normal,water_hot,container_31,constant,,yes,auto
VID_20240411_230108,1.475,14.07821,vgg-mrcr,no,normal,water_hot,container_40,constant,,yes,auto
VID_20240411_230132,3.017,12.30168,vgg-mrcr,no,normal,water_hot,container_40,constant,,yes,auto
VID_20240411_230156,3.767,13.0,vgg-mrcr,no,normal,water_hot,container_40,constant,,yes,auto
VID_20240411_230220,1.769,13.27309,vgg-mrcr,no,normal,water_hot,container_40,constant,,yes,manual
VID_20240411_230244,2.849,10.82682,vgg-mrcr,no,normal,water_hot,container_40,constant,,yes,auto
VID_20240411_230306,1.546,13.64809,vgg-mrcr,no,normal,water_hot,container_40,constant,,yes,manual
VID_20240411_230344,3.1,21.96667,vgg-mrcr,no,normal,water_hot,container_14,constant,,yes,auto
VID_20240411_230419,2.916,20.14525,vgg-mrcr,no,normal,water_hot,container_14,constant,,yes,auto
VID_20240411_230451,2.749,14.41341,vgg-mrcr,no,normal,water_hot,container_14,constant,,yes,auto
VID_20240411_230517,2.413,14.07821,vgg-mrcr,no,normal,water_hot,container_14,constant,,yes,auto
VID_20240411_230544,3.285,24.70391,vgg-mrcr,no,normal,water_hot,container_14,constant,,yes,auto
VID_20240411_230628,1.828,9.56476,vgg-mrcr,no,normal,water_hot,container_33,constant,,yes,manual
VID_20240411_230647,2.024,7.43976,vgg-mrcr,no,normal,water_hot,container_33,constant,,yes,manual
VID_20240411_230704,1.614,6.48142,vgg-mrcr,no,normal,water_hot,container_33,constant,,yes,manual
VID_20240411_230720,1.71059,6.23142,vgg-mrcr,no,normal,water_hot,container_33,constant,,yes,manual
VID_20240411_230735,1.841,8.68976,vgg-mrcr,no,normal,water_hot,container_33,constant,,yes,manual
VID_20240411_230753,1.546,6.83559,vgg-mrcr,no,normal,water_hot,container_33,constant,,yes,manual
VID_20240411_230809,1.158,9.27309,vgg-mrcr,no,normal,water_hot,container_33,constant,,yes,manual
VID_20240411_230850,1.669,11.50226,vgg-mrcr,no,normal,water_hot,container_34,constant,,yes,manual
VID_20240411_230913,1.433,12.03333,vgg-mrcr,no,normal,water_hot,container_34,constant,,yes,auto
VID_20240411_230936,1.642,9.58659,vgg-mrcr,no,normal,water_hot,container_34,constant,,yes,auto
VID_20240411_231012,1.735,10.23142,vgg-mrcr,no,normal,water_hot,container_34,constant,,yes,manual
VID_20240411_231046,3.218,16.12291,vgg-mrcr,no,normal,water_hot,container_41,constant,,yes,auto
VID_20240411_231115,2.38,14.21229,vgg-mrcr,no,normal,water_hot,container_41,constant,,yes,auto
VID_20240411_231142,2.667,13.36667,vgg-mrcr,no,normal,water_hot,container_41,constant,,yes,auto
VID_20240411_231218,2.733,11.9,vgg-mrcr,no,normal,water_hot,container_41,constant,,yes,auto
VID_20240411_231241,2.167,12.6,vgg-mrcr,no,normal,water_hot,container_41,constant,,yes,auto
VID_20240411_231308,2.916,15.2514,vgg-mrcr,no,normal,water_hot,container_41,constant,,yes,auto
VID_20240411_231334,1.123,14.56476,vgg-mrcr,no,normal,water_hot,container_41,constant,,yes,manual
VID_20240411_231426,3.654,17.56425,vgg-mrcr,no,normal,water_hot,container_32,constant,,yes,auto
VID_20240411_231459,2.816,17.73184,vgg-mrcr,no,normal,water_hot,container_32,constant,,yes,auto
VID_20240411_231532,1.362,18.37726,vgg-mrcr,no,normal,water_hot,container_32,constant,,yes,manual
VID_20240411_231605,1.218,19.60642,vgg-mrcr,no,normal,water_hot,container_32,constant,,yes,manual
VID_20240411_231824,3.687,12.30168,vgg-mrcr,no,normal,water_hot,container_20,constant,,yes,auto
VID_20240411_231848,1.706,10.00226,vgg-mrcr,no,normal,water_hot,container_20,constant,,yes,manual
VID_20240411_231909,1.345,11.12726,vgg-mrcr,no,normal,water_hot,container_20,constant,,yes,manual
VID_20240411_231942,2.916,11.8324,vgg-mrcr,no,normal,water_hot,container_20,constant,,yes,auto
VID_20240411_232006,1.337,10.23142,vgg-mrcr,no,normal,water_hot,container_20,constant,,yes,manual
VID_20240411_232032,1.533,11.43333,vgg-mrcr,no,normal,water_hot,container_20,constant,,yes,auto
VID_20240411_232059,2.413,13.30726,vgg-mrcr,no,normal,water_hot,container_20,constant,,yes,auto
VID_20240411_232203,4.167,14.4,vgg-mrcr,no,normal,water_hot,container_3,constant,,yes,auto
VID_20240411_232229,2.816,10.82682,vgg-mrcr,no,normal,water_hot,container_3,constant,,yes,auto
VID_20240411_232251,2.749,12.87151,vgg-mrcr,no,normal,water_hot,container_3,constant,,yes,auto
VID_20240411_232314,3.017,12.20112,vgg-mrcr,no,normal,water_hot,container_3,constant,,yes,auto
VID_20240411_232337,1.274,10.92737,vgg-mrcr,no,normal,water_hot,container_3,constant,,yes,auto
VID_20240411_232358,1.207,9.62011,vgg-mrcr,no,normal,water_hot,container_3,constant,,yes,auto
VID_20240411_232422,1.844,10.65922,vgg-mrcr,no,normal,water_hot,container_7,constant,,yes,auto
VID_20240411_232443,1.81,14.37989,vgg-mrcr,no,normal,water_hot,container_7,constant,,yes,auto
VID_20240411_232509,1.676,11.06145,vgg-mrcr,no,normal,water_hot,container_7,constant,,yes,auto
VID_20240411_232530,1.844,11.6648,vgg-mrcr,no,normal,water_hot,container_7,constant,,yes,auto
VID_20240411_232552,1.441,9.15084,vgg-mrcr,no,normal,water_hot,container_7,constant,,yes,auto
VID_20240411_232611,2.145,8.48045,vgg-mrcr,no,normal,water_hot,container_7,constant,,yes,auto
VID_20240411_232843,1.307,11.6648,vgg-mrcr,no,normal,water_hot,container_49,constant,,yes,auto
VID_20240411_232907,1.743,11.79888,vgg-mrcr,no,normal,water_hot,container_49,constant,,yes,auto
VID_20240411_232931,2.615,9.2514,vgg-mrcr,no,normal,water_hot,container_49,constant,,yes,auto
VID_20240411_232954,1.609,10.18994,vgg-mrcr,no,normal,water_hot,container_49,constant,,yes,auto
VID_20240411_233021,1.642,11.53073,vgg-mrcr,no,normal,water_hot,container_49,constant,,yes,auto
VID_20240411_233334,3.687,12.97207,vgg-mrcr,no,normal,water_normal,container_42,constant,,yes,auto
VID_20240411_233401,2.883,15.01676,vgg-mrcr,no,normal,water_normal,container_42,constant,,yes,auto
VID_20240411_233426,1.374,9.78771,vgg-mrcr,no,normal,water_normal,container_42,constant,,yes,auto
VID_20240411_233444,3.233,10.3,vgg-mrcr,no,normal,water_normal,container_42,constant,,yes,auto
VID_20240411_233505,1.24,14.54749,vgg-mrcr,no,normal,water_normal,container_42,constant,,yes,auto
VID_20240411_233529,1.542,11.76536,vgg-mrcr,no,normal,water_normal,container_42,constant,,yes,auto
VID_20240411_233552,2.447,10.25698,vgg-mrcr,no,normal,water_normal,container_42,constant,,yes,auto
VID_20240411_233613,1.777,11.16201,vgg-mrcr,no,normal,water_normal,container_42,constant,,yes,auto
VID_20240411_233637,2.3,15.1,vgg-mrcr,no,normal,water_normal,container_38,constant,,yes,auto
VID_20240411_233703,3.0,12.86667,vgg-mrcr,no,normal,water_normal,container_38,constant,,yes,auto
VID_20240411_233730,1.374,16.6257,vgg-mrcr,no,normal,water_normal,container_38,constant,,yes,auto
VID_20240411_233758,2.916,12.10056,vgg-mrcr,no,normal,water_normal,container_38,constant,,yes,auto
VID_20240411_233822,2.38,10.42458,vgg-mrcr,no,normal,water_normal,container_38,constant,,yes,auto
VID_20240411_233850,3.133,13.96667,vgg-mrcr,no,normal,water_normal,container_37,constant,,yes,auto
VID_20240411_233916,2.849,14.27933,vgg-mrcr,no,normal,water_normal,container_37,constant,,yes,auto
VID_20240411_233942,2.615,10.72626,vgg-mrcr,no,normal,water_normal,container_37,constant,,yes,auto
VID_20240411_234004,2.413,12.40223,vgg-mrcr,no,normal,water_normal,container_37,constant,,yes,auto
VID_20240411_234027,2.045,11.19553,vgg-mrcr,no,normal,water_normal,container_37,constant,,yes,auto
VID_20240411_234050,1.844,11.8324,vgg-mrcr,no,normal,water_normal,container_37,constant,,yes,auto
VID_20240411_234117,1.676,9.35196,vgg-mrcr,no,normal,water_normal,container_30,constant,,yes,auto
VID_20240411_234136,1.609,9.41899,vgg-mrcr,no,normal,water_normal,container_30,constant,,yes,auto
VID_20240411_234154,1.604,8.85794,vgg-mrcr,no,normal,water_normal,container_30,constant,,yes,auto
VID_20240411_234213,1.709,9.05028,vgg-mrcr,no,normal,water_normal,container_30,constant,,yes,auto
VID_20240411_234230,1.521,11.71059,vgg-mrcr,no,normal,water_normal,container_30,constant,,yes,manual
VID_20240411_234251,1.583,13.35642,vgg-mrcr,no,normal,water_normal,container_30,constant,,yes,manual
VID_20240411_234338,1.911,11.32961,vgg-mrcr,no,normal,water_normal,container_30,constant,,yes,auto
VID_20240411_234400,2.112,9.58659,vgg-mrcr,no,normal,water_normal,container_30,constant,,yes,auto
VID_20240411_234421,1.978,9.82123,vgg-mrcr,no,normal,water_normal,container_30,constant,,yes,auto
VID_20240411_234440,1.173,10.99441,vgg-mrcr,no,normal,water_normal,container_30,constant,,yes,auto
VID_20240411_234503,3.62,16.08939,vgg-mrcr,no,normal,water_normal,container_45,constant,,yes,auto
VID_20240411_234532,1.408,15.48603,vgg-mrcr,no,normal,water_normal,container_45,constant,,yes,auto
VID_20240411_234558,2.078,8.98324,vgg-mrcr,no,normal,water_normal,container_45,constant,,yes,auto
VID_20240411_234618,1.441,11.06145,vgg-mrcr,no,normal,water_normal,container_45,constant,,yes,auto
VID_20240411_234641,2.883,11.8324,vgg-mrcr,no,normal,water_normal,container_45,constant,,yes,auto
VID_20240411_234707,1.877,12.60335,vgg-mrcr,no,normal,water_normal,container_45,constant,,yes,auto
VID_20240411_234741,1.911,14.64804,vgg-mrcr,no,normal,water_normal,container_31,constant,,yes,auto
VID_20240411_234808,1.642,15.0838,vgg-mrcr,no,normal,water_normal,container_31,constant,,yes,auto
VID_20240411_234835,2.648,9.68715,vgg-mrcr,no,normal,water_normal,container_31,constant,,yes,auto
VID_20240411_234855,1.475,13.27374,vgg-mrcr,no,normal,water_normal,container_31,constant,,yes,auto
VID_20240411_234920,1.408,16.42458,vgg-mrcr,no,normal,water_normal,container_31,constant,,yes,auto
VID_20240411_235023,2.045,11.46369,vgg-mrcr,no,normal,water_normal,container_40,constant,,yes,auto
VID_20240411_235045,1.575,14.01117,vgg-mrcr,no,normal,water_normal,container_40,constant,,yes,auto
VID_20240411_235109,1.575,10.72626,vgg-mrcr,no,normal,water_normal,container_40,constant,,yes,auto
VID_20240411_235132,1.978,11.43017,vgg-mrcr,no,normal,water_normal,container_40,constant,,yes,auto
VID_20240411_235154,1.575,9.38547,vgg-mrcr,no,normal,water_normal,container_40,constant,,yes,auto
VID_20240411_235214,1.575,15.45251,vgg-mrcr,no,normal,water_normal,container_40,constant,,yes,auto
VID_20240411_235239,1.709,10.12291,vgg-mrcr,no,normal,water_normal,container_40,constant,,yes,auto
VID_20240411_235317,1.743,20.17877,vgg-mrcr,no,normal,water_normal,container_14,constant,,yes,auto
VID_20240411_235353,3.084,19.91061,vgg-mrcr,no,normal,water_normal,container_14,constant,,yes,auto
VID_20240411_235426,2.112,13.24022,vgg-mrcr,no,normal,water_normal,container_14,constant,,yes,auto
VID_20240411_235452,2.816,15.45251,vgg-mrcr,no,normal,water_normal,container_14,constant,,yes,auto
VID_20240411_235519,2.313,20.78212,vgg-mrcr,no,normal,water_normal,container_14,constant,,yes,auto
VID_20240411_235601,1.759,13.35642,vgg-mrcr,no,normal,water_normal,container_45,constant,,yes,manual
VID_20240411_235626,1.374,10.65922,vgg-mrcr,no,normal,water_normal,container_45,constant,,yes,auto
VID_20240411_235647,1.81,12.30168,vgg-mrcr,no,normal,water_normal,container_45,constant,,yes,auto
VID_20240411_235710,1.709,13.27374,vgg-mrcr,no,normal,water_normal,container_45,constant,,yes,auto
VID_20240411_235737,1.475,10.7933,vgg-mrcr,no,normal,water_normal,container_45,constant,,yes,auto
VID_20240411_235822,3.587,15.31844,vgg-mrcr,no,normal,water_normal,container_32,constant,,yes,auto
VID_20240411_235853,2.715,12.87151,vgg-mrcr,no,normal,water_normal,container_32,constant,,yes,auto
VID_20240411_235932,1.441,15.92179,vgg-mrcr,no,normal,water_normal,container_32,constant,,yes,auto
VID_20240412_000004,3.754,13.91061,vgg-mrcr,no,normal,water_normal,container_32,constant,,yes,auto
VID_20240412_000035,2.849,15.45251,vgg-mrcr,no,normal,water_normal,container_32,constant,,yes,auto
VID_20240412_000126,3.017,15.05028,vgg-mrcr,no,normal,water_normal,container_41,constant,,yes,auto
VID_20240412_000153,3.151,13.30726,vgg-mrcr,no,normal,water_normal,container_41,constant,,yes,auto
VID_20240412_000219,3.285,14.84916,vgg-mrcr,no,normal,water_normal,container_41,constant,,yes,auto
VID_20240412_000247,3.419,12.06704,vgg-mrcr,no,normal,water_normal,container_41,constant,,yes,auto
VID_20240412_000313,2.816,12.23464,vgg-mrcr,no,normal,water_normal,container_41,constant,,yes,auto
VID_20240412_000336,2.246,10.75978,vgg-mrcr,no,normal,water_normal,container_41,constant,,yes,auto
VID_20240412_000358,3.285,11.63128,vgg-mrcr,no,normal,water_normal,container_41,constant,,yes,auto
VID_20240412_000427,1.475,6.46927,vgg-mrcr,no,normal,water_normal,container_33,constant,,yes,auto
VID_20240412_000443,1.475,9.0838,vgg-mrcr,no,normal,water_normal,container_33,constant,,yes,auto
VID_20240412_000501,1.173,8.21229,vgg-mrcr,no,normal,water_normal,container_33,constant,,yes,auto
VID_20240412_000519,1.173,7.03911,vgg-mrcr,no,normal,water_normal,container_33,constant,,yes,auto
VID_20240412_000534,0.771,6.73743,vgg-mrcr,no,normal,water_normal,container_33,constant,,yes,auto
VID_20240412_000550,1.374,6.97207,vgg-mrcr,no,normal,water_normal,container_33,constant,,yes,auto
VID_20240412_000607,1.508,7.64246,vgg-mrcr,no,normal,water_normal,container_33,constant,,yes,auto
VID_20240412_000653,1.676,10.49162,vgg-mrcr,no,normal,water_normal,container_34,constant,,yes,auto
VID_20240412_000733,1.777,10.05587,vgg-mrcr,no,normal,water_normal,container_34,constant,,yes,auto
VID_20240412_000756,2.48,9.55307,vgg-mrcr,no,normal,water_normal,container_34,constant,,yes,auto
VID_20240412_000835,1.7,10.93333,vgg-mrcr,no,normal,water_normal,container_34,constant,,yes,auto
VID_20240412_000857,1.433,8.86667,vgg-mrcr,no,normal,water_normal,container_34,constant,,yes,auto
VID_20240412_000923,1.709,9.78771,vgg-mrcr,no,normal,water_normal,container_3,constant,,yes,auto
VID_20240412_000944,1.691,11.48142,vgg-mrcr,no,normal,water_normal,container_3,constant,,yes,manual
VID_20240412_001007,1.609,9.88827,vgg-mrcr,no,normal,water_normal,container_3,constant,,yes,auto
VID_20240412_001029,2.95,11.06145,vgg-mrcr,no,normal,water_normal,container_3,constant,,yes,auto
VID_20240412_001054,2.708,10.69638,vgg-mrcr,no,normal,water_normal,container_3,constant,,yes,auto
VID_20240412_001115,1.173,7.3743,vgg-mrcr,no,normal,water_normal,container_3,constant,,yes,auto
VID_20240412_001134,1.274,10.32402,vgg-mrcr,no,normal,water_normal,container_3,constant,,yes,auto
VID_20240412_001155,2.011,9.78771,vgg-mrcr,no,normal,water_normal,container_3,constant,,yes,auto
VID_20240412_001217,1.622,12.21059,vgg-mrcr,no,normal,water_normal,container_3,constant,,yes,manual
VID_20240412_003031,3.184,13.17318,ws-kitchen,no,normal,water_normal,container_20,constant,,yes,auto
VID_20240412_003057,3.218,10.72626,ws-kitchen,no,normal,water_normal,container_20,constant,,yes,auto
VID_20240412_003119,2.413,11.26257,ws-kitchen,no,normal,water_normal,container_20,constant,,yes,auto
VID_20240412_003143,1.869,7.74107,ws-kitchen,no,normal,water_normal,container_20,constant,,yes,auto
VID_20240412_003216,3.352,12.56983,ws-kitchen,no,normal,water_normal,container_3,constant,,yes,auto
VID_20240412_003240,3.486,11.36313,ws-kitchen,no,normal,water_normal,container_3,constant,,yes,auto
VID_20240412_003310,2.38,9.55307,ws-kitchen,no,normal,water_normal,container_3,constant,,yes,auto
VID_20240412_003329,2.402,15.08173,ws-kitchen,no,normal,water_normal,container_3,constant,,yes,auto
VID_20240412_003422,2.346,9.92179,ws-kitchen,no,normal,water_normal,container_3,constant,,yes,auto
VID_20240412_003442,1.575,7.50838,ws-kitchen,no,normal,water_normal,container_3,constant,,yes,auto
VID_20240412_003502,2.533,8.86667,ws-kitchen,no,normal,water_normal,container_7,constant,,yes,auto
VID_20240412_003520,2.133,9.63333,ws-kitchen,no,normal,water_normal,container_7,constant,,yes,auto
VID_20240412_003540,2.279,9.75419,ws-kitchen,no,normal,water_normal,container_7,constant,,yes,auto
VID_20240412_003600,2.816,8.44693,ws-kitchen,no,normal,water_normal,container_7,constant,,yes,auto
VID_20240412_003618,1.642,6.06704,ws-kitchen,no,normal,water_normal,container_7,constant,,yes,auto
VID_20240412_003650,1.81,8.44693,ws-kitchen,no,normal,water_normal,container_7,constant,,yes,auto
VID_20240412_003709,2.233,9.13333,ws-kitchen,no,normal,water_normal,container_7,constant,,yes,auto
VID_20240412_003745,2.48,13.17318,ws-kitchen,no,normal,water_normal,container_49,constant,,yes,auto
VID_20240412_003807,1.978,15.11732,ws-kitchen,no,normal,water_normal,container_49,constant,,yes,auto
VID_20240412_003832,2.5,11.63333,ws-kitchen,no,normal,water_normal,container_49,constant,,yes,auto
VID_20240412_003855,1.877,8.84916,ws-kitchen,no,normal,water_normal,container_49,constant,,yes,auto
VID_20240412_003915,2.267,10.83333,ws-kitchen,no,normal,water_normal,container_49,constant,,yes,auto
VID_20240412_004201,1.978,13.74302,ws-kitchen,no,normal,water_hot,container_20,constant,,yes,auto
VID_20240412_004235,1.877,11.96648,ws-kitchen,no,normal,water_hot,container_20,constant,,yes,auto
VID_20240412_004258,2.24,14.10585,ws-kitchen,no,normal,water_hot,container_20,constant,,yes,auto
VID_20240412_004322,1.935,10.87753,ws-kitchen,no,normal,water_hot,container_20,constant,,yes,auto
VID_20240412_004343,1.106,5.59777,ws-kitchen,no,normal,water_hot,container_20,constant,,yes,auto
VID_20240412_004414,2.236,13.38003,ws-kitchen,no,normal,water_hot,container_3,constant,,yes,auto
VID_20240412_004437,2.039,13.67131,ws-kitchen,no,normal,water_hot,container_3,constant,,yes,auto
VID_20240412_004459,1.777,8.17877,ws-kitchen,no,normal,water_hot,container_3,constant,,yes,auto
VID_20240412_004517,2.367,9.3,ws-kitchen,no,normal,water_hot,container_3,constant,,yes,auto
VID_20240412_004537,2.246,14.17877,ws-kitchen,no,normal,water_hot,container_3,constant,,yes,auto
VID_20240412_004601,2.413,11.09497,ws-kitchen,no,normal,water_hot,container_3,constant,,yes,auto
VID_20240412_004659,2.782,12.40223,ws-kitchen,no,normal,water_hot,container_3,constant,,yes,auto
VID_20240412_004722,2.033,8.0,ws-kitchen,no,normal,water_hot,container_3,constant,,yes,auto
VID_20240412_004747,1.337,6.65181,ws-kitchen,no,normal,water_hot,container_3,constant,,yes,auto
VID_20240412_004811,2.202,8.3083,ws-kitchen,no,normal,water_hot,container_7,constant,,yes,auto
VID_20240412_004828,1.667,7.3,ws-kitchen,no,normal,water_hot,container_7,constant,,yes,auto
VID_20240412_004843,2.346,14.37989,ws-kitchen,no,normal,water_hot,container_7,constant,,yes,auto
VID_20240412_004907,1.967,7.2,ws-kitchen,no,normal,water_hot,container_7,constant,,yes,auto
VID_20240412_004922,1.173,6.77095,ws-kitchen,no,normal,water_hot,container_7,constant,,yes,auto
VID_20240412_004942,2.133,9.1,ws-kitchen,no,normal,water_hot,container_7,constant,,yes,auto
VID_20240412_005000,2.0,10.2,ws-kitchen,no,normal,water_hot,container_7,constant,,yes,auto
VID_20240412_005021,1.967,10.3,ws-kitchen,no,normal,water_hot,container_49,constant,,yes,auto
VID_20240412_005043,2.373,10.02786,ws-kitchen,no,normal,water_hot,container_49,constant,,yes,auto
VID_20240412_005102,2.011,10.92737,ws-kitchen,no,normal,water_hot,container_49,constant,,yes,auto
VID_20240412_005124,1.911,7.13966,ws-kitchen,no,normal,water_hot,container_49,constant,,yes,auto
VID_20240412_005151,1.374,12.43575,ws-kitchen,no,normal,water_hot,container_49,constant,,yes,auto
VID_20240412_005251,1.073,10.18994,ws-kitchen,no,normal,water_hot,container_49,constant,,yes,auto
VID_20240416_235208,0.533,18.5,ws-kitchen,no,normal,water_normal,container_11,constant,,yes,auto
VID_20240416_235344,1.106,16.2905,ws-kitchen,no,normal,water_normal,container_11,constant,,yes,auto
VID_20240416_235415,1.911,13.64246,ws-kitchen,no,normal,water_normal,container_11,constant,,yes,auto
VID_20240416_235513,2.011,15.45251,ws-kitchen,no,normal,water_normal,container_11,constant,,yes,auto
VID_20240416_235543,1.81,14.81564,ws-kitchen,no,normal,water_normal,container_11,constant,,yes,auto
VID_20240416_235615,1.877,11.26257,ws-kitchen,no,normal,water_normal,container_6,constant,,yes,auto
VID_20240416_235638,2.433,12.06667,ws-kitchen,no,normal,water_normal,container_6,constant,,yes,auto
VID_20240416_235700,1.833,9.0,ws-kitchen,no,normal,water_normal,container_6,constant,,yes,auto
VID_20240416_235720,1.642,9.11732,ws-kitchen,no,normal,water_normal,container_6,constant,,yes,auto
VID_20240416_235739,1.633,9.96667,ws-kitchen,no,normal,water_normal,container_6,constant,,yes,auto
VID_20240416_235809,2.0,11.16667,ws-kitchen,no,normal,water_normal,container_6,constant,,yes,auto
VID_20240416_235832,2.045,16.55866,ws-kitchen,no,normal,water_normal,container_6,constant,,yes,auto
VID_20240416_235905,2.112,18.13408,ws-kitchen,no,normal,water_normal,container_24,constant,,yes,auto
VID_20240416_235934,2.179,16.92737,ws-kitchen,no,normal,water_normal,container_24,constant,,yes,auto
VID_20240417_000003,2.112,11.79888,ws-kitchen,no,normal,water_normal,container_24,constant,,yes,auto
VID_20240417_000028,1.978,15.55307,ws-kitchen,no,normal,water_normal,container_24,constant,,yes,auto
VID_20240417_000106,2.682,13.17318,ws-kitchen,no,normal,water_normal,container_24,constant,,yes,auto
VID_20240417_000135,2.033,8.8,ws-kitchen,no,normal,water_normal,container_39,constant,,yes,auto
VID_20240417_000154,2.279,12.67039,ws-kitchen,no,normal,water_normal,container_39,constant,,yes,auto
VID_20240417_000218,2.279,12.36872,ws-kitchen,no,normal,water_normal,container_39,constant,,yes,auto
VID_20240417_000242,2.167,10.56667,ws-kitchen,no,normal,water_normal,container_39,constant,,yes,auto
VID_20240417_000305,2.078,10.82682,ws-kitchen,no,normal,water_normal,container_39,constant,,yes,auto
VID_20240417_000327,1.575,9.58659,ws-kitchen,no,normal,water_normal,container_39,constant,,yes,auto
VID_20240417_000350,2.8,9.1,ws-kitchen,no,normal,water_normal,container_7,constant,,yes,auto
VID_20240417_000411,2.1,9.23333,ws-kitchen,no,normal,water_normal,container_7,constant,,yes,auto
VID_20240417_000432,2.011,7.67598,ws-kitchen,no,normal,water_normal,container_7,constant,,yes,auto
VID_20240417_000449,1.667,10.5,ws-kitchen,no,normal,water_normal,container_7,constant,,yes,auto
VID_20240417_000513,2.078,9.92179,ws-kitchen,no,normal,water_normal,container_7,constant,,yes,auto
VID_20240417_000535,2.2,8.0,ws-kitchen,no,normal,water_normal,container_7,constant,,yes,auto
VID_20240417_000612,1.905,11.13092,ws-kitchen,no,normal,water_normal,container_18,constant,,yes,auto
VID_20240417_000635,1.733,11.0,ws-kitchen,no,normal,water_normal,container_18,constant,,yes,auto
VID_20240417_000802,1.944,11.46369,ws-kitchen,no,normal,water_normal,container_18,constant,,yes,auto
VID_20240417_000826,2.514,13.60894,ws-kitchen,no,normal,water_normal,container_18,constant,,yes,auto
VID_20240417_000852,2.816,10.59218,ws-kitchen,no,normal,water_normal,container_18,constant,,yes,auto
VID_20240417_001247,2.145,12.56983,ws-kitchen,no,hot,water_hot,container_24,constant,,yes,auto
VID_20240417_001316,2.4,14.0,ws-kitchen,no,hot,water_hot,container_24,constant,,yes,auto
VID_20240417_001343,1.609,8.9162,ws-kitchen,no,hot,water_hot,container_24,constant,,yes,auto
VID_20240417_001411,2.447,12.93855,ws-kitchen,no,hot,water_hot,container_24,constant,,yes,auto
VID_20240417_001441,2.078,10.02235,ws-kitchen,no,hot,water_hot,container_6,constant,,yes,auto
VID_20240417_001502,2.045,8.81564,ws-kitchen,no,hot,water_hot,container_6,constant,,yes,auto
VID_20240417_001521,1.642,7.64246,ws-kitchen,no,hot,water_hot,container_6,constant,,yes,auto
VID_20240417_001539,2.983,10.2905,ws-kitchen,no,hot,water_hot,container_6,constant,,yes,auto
VID_20240417_001606,1.743,9.45251,ws-kitchen,no,hot,water_hot,container_39,constant,,yes,auto
VID_20240417_001626,1.542,10.39106,ws-kitchen,no,hot,water_hot,container_39,constant,,yes,auto
VID_20240417_001800,3.833,13.8,ws-kitchen,no,hot,water_hot,container_39,constant,,yes,auto
VID_20240417_001829,2.011,12.23464,ws-kitchen,no,hot,water_hot,container_39,constant,,yes,auto
VID_20240417_001853,2.011,7.94413,ws-kitchen,no,hot,water_hot,container_39,constant,,yes,auto
VID_20240417_001915,2.246,15.15084,ws-kitchen,no,hot,water_hot,container_11,constant,,yes,auto
VID_20240417_001943,1.709,12.1676,ws-kitchen,no,hot,water_hot,container_11,constant,,yes,auto
VID_20240417_002009,1.533,12.53333,ws-kitchen,no,hot,water_hot,container_11,constant,,yes,auto
VID_20240417_002035,2.0,14.0,ws-kitchen,no,hot,water_hot,container_11,constant,,yes,auto
